Price,Close,High,Low,Open,Volume
Ticker,APLE,APLE,APLE,APLE,APLE
Date,,,,,
2015-05-18,10.162553787231445,10.162553787231445,9.614905443034633,10.162553787231445,2197500
2015-05-19,10.614225387573242,10.81183087084012,10.117389759259014,10.117389759259014,1978700
2015-05-20,10.506956100463867,10.636810749262732,10.36580946215291,10.557768976404882,717600
2015-05-21,10.303705215454102,10.535185630035773,10.17385055885725,10.501310736328652,793000
2015-05-22,10.281113624572754,10.388385298245792,10.190779923646824,10.303697588235565,536200
2015-05-26,10.298057556152344,10.416621280262092,10.224661785504049,10.303703550335026,681400
2015-05-27,10.587581634521484,10.615967222139712,10.218577657880147,10.332117842754151,652700
2015-05-28,10.51378345489502,10.615969425934768,10.400243246450925,10.462690469375143,949800
2015-05-29,10.474043846130371,10.50242835450921,10.281026157315424,10.405919510101736,565500
2015-06-01,10.491074562072754,10.502428799024692,10.360504085524358,10.40591995053248,1014500
2015-06-02,10.598941802978516,10.615973165083805,10.405924030318806,10.405924030318806,922000
2015-06-03,10.746541023254395,10.75789526183739,10.508107427010406,10.615970527949298,1165000
2015-06-04,10.735182762145996,10.746536996474505,10.632996818788174,10.735182762145996,928000
2015-06-05,10.70679759979248,10.729504984251781,10.576226078654065,10.718150750622472,711900
2015-06-08,10.712478637695312,10.72950891157355,10.576229949871141,10.61596978211969,787200
2015-06-09,10.729503631591797,10.746534979888631,10.684087785599418,10.729503631591797,959300
2015-06-10,10.70679759979248,10.752213451510398,10.701120482977826,10.729504984251781,1091800
2015-06-11,10.70679759979248,10.729504984251781,10.689766249348517,10.70679759979248,860800
2015-06-12,10.621644020080566,10.706799706254644,10.593259513222225,10.661383845601582,911600
2015-06-15,10.672737121582031,10.703960729165521,10.54784377404761,10.604613871217634,776300
2015-06-16,10.723830223083496,10.752215813392077,10.570552366615368,10.667061208065439,1251100
2015-06-17,10.803306579589844,10.80898369648834,10.6784121734216,10.684089290320095,1459800
2015-06-18,10.843049049377441,10.899819155114438,10.7578944321718,10.780601824786775,998200
2015-06-19,10.701126098632812,10.843050845079402,10.689771859045115,10.831696605491704,440600
2015-06-22,10.610296249389648,10.78060554253295,10.610296249389648,10.701128016772753,646200
2015-06-23,10.650032997131348,10.786280622426007,10.42863074137751,10.47404661647573,972200
2015-06-24,10.786283493041992,10.92253115459703,10.568286584873835,10.63868158899066,742700
2015-06-25,10.757890701293945,10.865752673707615,10.735182233754648,10.786275202918736,1194200
2015-06-26,10.93481731414795,11.100323945540511,10.814968585383113,10.86633263729499,8790200
2015-06-29,10.763598442077637,10.940518360459343,10.763598442077637,10.854912018567788,722900
2015-06-30,10.769308090209961,10.940520812363935,10.757893618454645,10.90057124976427,490900
2015-07-01,10.786426544189453,10.81496271784981,10.723649139224115,10.769305928536962,652200
2015-07-02,10.740778923034668,10.817825024867371,10.740778923034668,10.786435751319456,341500
2015-07-06,10.72935676574707,10.78072079687871,10.643750410042298,10.695114441173937,422500
2015-07-07,10.632336616516113,10.820671046485192,10.615215997410523,10.689407886803941,448500
2015-07-08,10.615219116210938,10.712239977642243,10.529612729899613,10.638046977906637,423000
2015-07-09,10.660873413085938,10.689408505609768,10.541023629689043,10.689408505609768,353900
2015-07-10,10.832084655761719,10.837791891190465,10.603800681331139,10.643750240788508,700700
2015-07-13,10.706527709960938,10.814962995567354,10.643749214839788,10.780719586295591,340900
2015-07-14,10.814963340759277,10.837791192458656,10.67799187638787,10.735063138451993,463100
2015-07-15,10.814963340759277,10.826376722337075,10.717942521813404,10.769306548816736,510500
2015-07-16,10.814963340759277,10.843498427519446,10.763599313755945,10.769306548816736,781300
2015-07-17,10.803552627563477,10.814967101654432,10.723653486015122,10.786430916427046,513000
2015-07-20,10.632336616516113,10.797843191496424,10.6209232332937,10.797843191496424,373800
2015-07-21,10.4611234664917,10.638043417461022,10.284203515522377,10.575266002400621,739000
2015-07-22,10.404057502746582,10.501078381169298,10.335572817121399,10.455421561237694,386800
2015-07-23,10.17576789855957,10.461123140906775,10.118696632381356,10.4325880520896,704800
2015-07-24,10.015968322753906,10.249959528596342,9.896119646439221,10.21000996982478,590200
2015-07-27,10.027381896972656,10.130109946655029,9.93036108211083,9.958897256213566,655500
2015-07-28,10.221433639526367,10.232848120460662,9.918956426036427,9.987442223097384,734800
2015-07-29,10.31325626373291,10.405082612735214,10.060734351304788,10.060734351304788,656800
2015-07-30,10.341950416564941,10.416558898290258,10.146819194014192,10.244384805289567,1000400
2015-07-31,10.410816192626953,10.473947183474747,10.324729174433669,10.387860165281463,316200
2015-08-03,10.428032875061035,10.473946019304636,10.376380450955022,10.445250714648274,308200
2015-08-04,10.341950416564941,10.473950627509216,10.336211134177427,10.387863581008872,341700
2015-08-05,10.382121086120605,10.473947386594997,10.34194721649504,10.410816394522909,485100
2015-08-06,10.284557342529297,10.422296817850166,10.19847030728576,10.324731219332545,814600
2015-08-07,10.382121086120605,10.428034236357801,10.215685232350864,10.215685232350864,384400
2015-08-10,10.301773071289062,10.428033957399814,10.238642080905779,10.36490296701653,445500
2015-08-11,10.31325626373291,10.359169438234062,10.05499506766009,10.232908482020001,521400
2015-08-12,10.296035766601562,10.468209834760854,10.072208164407249,10.238644045663122,1342900
2015-08-13,10.209944725036621,10.261596049486025,10.141074468011414,10.198466166423152,539300
2015-08-14,10.31325626373291,10.330474114667002,10.100908242161243,10.158299983951789,781100
2015-08-17,10.387864112854004,10.445255845011346,10.238646047107414,10.244385329788773,681500
2015-08-18,10.31325626373291,10.416561180024608,10.273082372876456,10.336213398311699,515500
2015-08-19,10.284557342529297,10.34194906424367,10.221426339177883,10.34194906424367,550700
2015-08-20,10.227161407470703,10.330466245066262,10.221422128198107,10.267335267723288,781900
2015-08-21,9.940206527709961,10.261598585732804,9.89429337656384,10.18125084489106,615900
2015-08-24,9.532731056213379,9.756557615936018,7.931507251457099,9.59586097877375,914300
2015-08-25,9.400724411010742,9.80246522890118,9.400724411010742,9.670465081037854,557900
2015-08-26,9.73359489440918,9.756552012815224,9.33759445380581,9.509768463228522,600100
2015-08-27,10.068439483642578,10.07998502197104,9.595038276582972,9.745140185186335,662600
2015-08-28,10.270502090454102,10.357099691151124,10.097305787911822,10.10307910811139,1125100
2015-08-31,10.224318504333496,10.258958435611788,10.051123252536259,10.258958435611788,959500
2015-09-01,10.051125526428223,10.195455302627535,9.964527880938396,10.189681979441705,1126600
2015-09-02,10.328232765197754,10.345552725251517,10.103078790239833,10.120398750293596,554500
2015-09-03,10.339786529541016,10.391745344354705,10.23875611248604,10.253188871901184,973200
2015-09-04,10.362874984741211,10.391740490087631,10.195451970516322,10.25318408235761,1274600
2015-09-08,10.951742172241211,10.957515494979297,10.385969757693411,10.391743080431496,3744200
2015-09-09,10.888235092163086,10.951739424049032,10.824729659128694,10.905553954882688,1586900
2015-09-10,10.963284492492676,10.963284492492676,10.818954784427504,10.818954784427504,2551100
2015-09-11,11.113389015197754,11.113389015197754,10.90555385527331,10.951739324017804,2604900
2015-09-14,11.18844223022461,11.225968275205544,11.044112473842642,11.044112473842642,1755300
2015-09-15,11.09607219696045,11.211536452127273,10.951742428576292,11.176897616036724,1964700
2015-09-16,11.17689323425293,11.199985415543999,10.957511455672039,11.130707770522475,1859600
2015-09-17,11.413593292236328,11.454005433298802,11.113387242703306,11.113387242703306,3381800
2015-09-18,10.917104721069336,11.40205288106476,10.870919234457814,11.390506234124665,19763600
2015-09-21,10.940194129943848,11.009471784685305,10.778544433633003,10.974832957314577,1737400
2015-09-22,10.691948890686035,10.859370839776572,10.596690720484684,10.83627865076177,1414600
2015-09-23,10.905555725097656,10.940195658456581,10.697721630687216,10.766999295107821,1210000
2015-09-24,10.738134384155273,10.934422946211399,10.599577946436012,10.865144176777425,811800
2015-09-25,10.8997802734375,10.8997802734375,10.599575284350001,10.830502622551311,1017400
2015-09-28,10.789509773254395,10.888176662419115,10.676333275362078,10.766293513680491,1616900
2015-09-29,10.60958480834961,10.882369129333988,10.586368556174683,10.760487126451128,1395000
2015-09-30,10.777900695800781,10.859155383140607,10.539939591152363,10.696646008460958,1460400
2015-10-01,10.847545623779297,10.853349686697662,10.62119159801029,10.760486894027437,884000
2015-10-02,10.812722206115723,10.824330332982909,10.568957076964372,10.760487849237204,454800
2015-10-05,10.969426155090332,10.986838341513725,10.824327922597043,10.853348233302697,1415300
2015-10-06,10.928796768188477,10.957815966415412,10.81852182230551,10.911384585045445,592600
2015-10-07,11.021661758422852,11.021661758422853,10.85915133727864,10.922994914694522,1005800
2015-10-08,10.986839294433594,11.02166256328904,10.928799775000014,10.981035231789061,706000
2015-10-09,10.981039047241211,11.021666392857496,10.859155903380218,10.986843111902415,690600
2015-10-12,10.969426155090332,11.015857545207718,10.893975561278953,10.9520150756786,533600
2015-10-13,10.93460750579834,10.975234850927281,10.876567966894655,10.917195312023596,730400
2015-10-14,10.928796768188477,11.004247347785379,10.899777569961541,10.9229927071408,806600
2015-10-15,10.998448371887207,10.998448371887207,10.818525735365556,10.893977449264792,701300
2015-10-16,11.015854835510254,11.027462956937132,10.92299207811801,10.992639699667887,945500
2015-10-19,11.248019218444824,11.25382328302288,10.917195286580585,10.940411544892804,1261900
2015-10-20,11.306056022644043,11.311860085818282,11.056486841211028,11.102918239593087,984700
2015-10-21,11.317666053771973,11.317666053771974,11.195784027635595,11.300253861318758,974800
2015-10-22,11.433741569519043,11.433741569519043,11.277035207175683,11.300250349553384,1554700
2015-10-23,11.195780754089355,11.433741779645407,11.044878451320102,11.42793771719139,1234300
2015-10-26,11.277034759521484,11.369897539369402,11.131936527632659,11.300249900977636,1063700
2015-10-27,11.28864574432373,11.369900420527863,11.192880355644345,11.294448700899508,888100
2015-10-28,11.574509620666504,11.580343680369703,11.294481431311615,11.311982497688101,1308800
2015-10-29,11.59200668334961,11.609507742001558,11.457825594866483,11.463659651994673,1043700
2015-10-30,11.504496574401855,11.597839260028161,11.498662517458637,11.562836031101442,689200
2015-11-02,11.662015914916992,11.662015914916992,11.48116455189401,11.545338082822406,1377600
2015-11-03,11.656179428100586,11.662013485399854,11.603674025139828,11.638678368935434,1071200
2015-11-04,11.603675842285156,11.644513137042534,11.551170431102006,11.644513137042534,974300
2015-11-05,11.621179580688477,11.627013639686403,11.510334685193824,11.627013639686403,1251700
2015-11-06,11.872037887573242,11.872037887573242,11.440327560554769,11.562839454435872,2896500
2015-11-09,11.947879791259766,11.959547909935145,11.743692165372801,11.772862462061248,2329100
2015-11-10,11.947879791259766,11.947879791259766,11.76702840272356,11.901208429291291,1380400
2015-11-11,11.667847633361816,11.883703304181381,11.589089528308705,11.85453301745838,1779900
2015-11-12,11.457831382751465,11.697022282170627,11.434496255183666,11.656184974377089,1182900
2015-11-13,11.463658332824707,11.761188535728651,11.42282105035931,11.49866155883326,2157200
2015-11-16,11.574509620666504,11.609512866152587,11.399492280502976,11.399492280502976,1498800
2015-11-17,11.428661346435547,11.662018168450782,11.428661346435547,11.621180863689753,1798300
2015-11-18,11.405323028564453,11.484081150273667,11.381987906983703,11.411157087142865,1463600
2015-11-19,11.38199234008789,11.428663714160042,11.352822035834462,11.37032421838652,1013800
2015-11-20,11.253641128540039,11.510333010708258,11.201135717929992,11.422824363935783,1277700
2015-11-23,11.405323028564453,11.440327380034924,11.20930400144772,11.30031331235173,885900
2015-11-24,11.393656730651855,11.434494030500128,11.31198101822234,11.352818318070614,821800
2015-11-25,11.370198249816895,11.645804604910616,11.329150780367105,11.645804604910616,931200
2015-11-27,11.38779067993164,11.493341956430749,11.358471377997299,11.399518848089246,613100
2015-11-30,11.434704780578613,11.5813035598168,11.346745736727685,11.422976609809176,14059800
2015-12-01,11.481612205505371,11.551980086290955,11.422972491260639,11.452292907612767,1576000
2015-12-02,11.346738815307617,11.53438495931626,11.206004207301135,11.528520877508583,1650800
2015-12-03,11.164960861206055,11.376062291660022,11.082864804150951,11.364334123729341,1680000
2015-12-04,11.862772941589355,11.88036519773471,11.18255469574124,11.20601103726838,4096400
2015-12-07,11.434704780578613,11.815861382905915,11.405385472114945,11.815861382905915,1877200
2015-12-08,11.370198249816895,11.455225789939837,11.31155964686557,11.428837971227876,1262400
2015-12-09,11.25879192352295,11.370206242214053,11.229471482977571,11.329158743910968,1315100
2015-12-10,11.346738815307617,11.428833723696588,11.23532349788027,11.258779825110972,1068800
2015-12-11,11.252914428710938,11.38778493915385,11.153227286544633,11.311554121478022,1172900
2015-12-14,11.804132461547852,11.903819669829412,11.26464894351703,11.323288675175569,3703200
2015-12-15,12.021103858947754,12.021103858947754,11.763089609294141,11.815865276688296,3163900
2015-12-16,12.026961326599121,12.150103737100768,11.897954832007915,12.00936907433045,3656000
2015-12-17,12.126646995544434,12.167694460554223,11.9683201003985,12.026959815466572,1528100
2015-12-18,12.073877334594727,12.29670701989554,11.991782363977597,12.085605507100055,9042400
2015-12-21,11.75135612487793,12.120784476091542,11.72203570433102,12.11492039198216,1289400
2015-12-22,11.6575345993042,11.874501287796184,11.634079375890439,11.851044945922482,1061700
2015-12-23,11.839319229125977,11.8569103690559,11.622352516156388,11.757223141766099,566800
2015-12-24,11.692717552185059,11.892091957673152,11.67512529812677,11.851043364870481,623900
2015-12-28,11.950725555419922,11.956589637646593,11.651665191074997,11.704439694196385,629900
2015-12-29,12.085607528686523,12.091471615920087,11.933144615994696,11.991784369870055,586400
2015-12-30,12.091493606567383,12.156310789043975,12.026675300177862,12.06792290463922,525500
2015-12-31,11.767400741577148,12.09738375619559,11.76740074157715,12.09738375619559,770000
2016-01-04,11.643653869628906,11.708472139747622,11.437414838815789,11.60829896043338,799600
2016-01-05,11.720267295837402,11.785085626435066,11.543491461006214,11.572953725506963,739000
2016-01-06,11.832219123840332,11.838111798136547,11.561162849690612,11.608303120147637,734100
2016-01-07,11.561162948608398,11.737938683356568,11.502237329054772,11.519914228181962,800500
2016-01-08,11.295997619628906,11.642478535762857,11.242964677252642,11.537591635381814,1092800
2016-01-11,11.38438606262207,11.425633659036793,11.2665359477104,11.301890869792631,487000
2016-01-12,11.396170616149902,11.637764627361873,11.272426711626931,11.484558477144809,923100
2016-01-13,11.242965698242188,11.43152678874233,11.148685152992115,11.43152678874233,908700
2016-01-14,11.01315689086914,11.32546077217344,10.895305648621608,11.278320500056974,814300
2016-01-15,10.771564483642578,10.836381665152789,10.600680268949947,10.830488989758605,625400
2016-01-19,10.170526504516602,10.704390831724565,10.076245932833846,10.671392744026907,1462200
2016-01-20,10.370868682861328,10.46514921529449,9.634301320781868,9.981961205596381,1208600
2016-01-21,10.500504493713379,10.671388667048149,10.194092190851984,10.435686203977758,899200
2016-01-22,10.359087944030762,10.706747983517332,10.241236664101617,10.659607696328294,645000
2016-01-25,10.258922576904297,10.577120602889687,10.2058895725734,10.37088126648219,487800
2016-01-26,10.423901557922363,10.506396742309438,10.16462953338965,10.282480760153408,625500
2016-01-27,10.364980697631836,10.476939302007242,10.241236740393099,10.347302668336841,530000
2016-01-28,10.45336627960205,10.559432184039432,10.34730037516467,10.459258954727778,323000
2016-01-29,10.838547706604004,10.862250885207661,10.465212753614386,10.465212753614386,754300
2016-02-01,10.909664154052734,10.992627018555503,10.66670051062241,10.820775209187733,679700
2016-02-02,10.868184089660645,10.980777370145468,10.678554015339511,10.880036251876815,672800
2016-02-03,10.96299934387207,11.007444387920456,10.73188782750308,10.957073262646658,440500
2016-02-04,11.1763334274292,11.211888783481081,10.92744367449725,10.968925111605177,404800
2016-02-05,11.235591888427734,11.259296212464161,11.063740060301159,11.152629014869,545400
2016-02-08,11.217813491821289,11.253368843522287,10.767441559233053,11.223739572152164,610200
2016-02-09,11.437071800231934,11.620776883374717,10.945218479150716,11.111145322874606,1092300
2016-02-10,11.502260208129883,11.53188948373006,11.389666926337265,11.484481964599128,693300
2016-02-11,11.21188735961914,11.49633243247966,10.99262690952817,11.437072759729324,541600
2016-02-12,11.442997932434082,11.52003583998455,11.164478961967687,11.271146138401162,571500
2016-02-16,11.442997932434082,11.549665108867556,11.332776012327873,11.466702251767812,498600
2016-02-17,11.715596199035645,11.757077642618222,11.32448383056481,11.466706407255607,796700
2016-02-18,11.774849891662598,11.798553077230148,11.555589491171817,11.780774840341492,897700
2016-02-19,11.650411605834961,12.165969487480883,11.614856240637383,11.78670811432957,622400
2016-02-22,11.620780944824219,11.804484961887193,11.573373420089112,11.733373109642258,462800
2016-02-23,11.608924865722656,11.798554900706488,11.555591277097932,11.614850945601422,493500
2016-02-24,11.774849891662598,11.834108420723465,11.44892233040787,11.537811254283163,544800
2016-02-25,11.845962524414062,11.851888604350338,11.677073202224804,11.79262893527175,915200
2016-02-26,11.259299278259277,11.822264694286117,11.223743912807645,11.721523550269252,910500
2016-02-29,11.324825286865234,11.63162581502882,11.259294635698417,11.300995545981088,1027300
2016-03-01,11.497587203979492,11.497587203979492,11.271210330349188,11.420142812972054,528600
2016-03-02,11.741836547851562,11.78353859802816,11.47971619290106,11.521417106812974,1131100
2016-03-03,11.825242042541504,11.855028091348602,11.664394651947347,11.712053011797662,575000
2016-03-04,11.890774726867676,11.896732165460122,11.777586802406885,11.813330297696334,802800
2016-03-07,11.855026245117188,11.896727161458843,11.771624412433876,11.831197637035421,511500
2016-03-08,11.72396469116211,11.878854602535894,11.700134949597858,11.747793296461744,498700
2016-03-09,11.843114852905273,11.843114852905272,11.640567647767488,11.676311138525323,521100
2016-03-10,11.87290096282959,11.884815837420819,11.682267514429844,11.855028650942746,893500
2016-03-11,11.896728515625,11.902685952389744,11.813326673448326,11.872899904830899,549500
2016-03-14,11.896728515625,11.90864338915449,11.80736923668358,11.884814778360388,543900
2016-03-15,11.67034912109375,11.884812254012846,11.661413535977001,11.884812254012846,371900
2016-03-16,11.741836547851562,11.78353859802816,11.628648677594853,11.670349591506765,497300
2016-03-17,11.860983848571777,11.896727329331172,11.741837397687437,11.7775820147116,997000
2016-03-18,11.65247917175293,11.908643268721978,11.533333846457586,11.843112601237374,1764000
2016-03-21,11.676305770874023,11.807365934247182,11.42014174296164,11.628647426350643,810700
2016-03-22,11.6107816696167,11.637589574547482,11.491636309241716,11.59290935424111,660500
2016-03-23,11.479720115661621,11.65248126608338,11.438019187499991,11.610780337921751,521400
2016-03-24,11.509498596191406,11.551199496918077,11.360566158587968,11.455882827753022,489200
2016-03-28,11.592903137207031,11.610775442998072,11.503543880781015,11.527373621835736,418700
2016-03-29,11.69417667388916,11.718006413741058,11.533330474946982,11.533330474946982,677800
2016-03-30,11.801955223083496,11.888778611685355,11.66723061424619,11.754052860765643,552200
2016-03-31,11.861832618713379,11.861832618713379,11.718125541970267,11.766027900884637,599700
2016-04-01,11.748065948486328,11.84387067217352,11.688187710661236,11.778004496357678,596300
2016-04-04,11.724115371704102,11.772017738349247,11.592384148950574,11.766029799758291,574000
2016-04-05,11.544487953186035,11.694183071729034,11.430719343310082,11.652267479187175,869900
2016-04-06,11.388799667358398,11.56843327035594,11.340897297086883,11.56843327035594,373200
2016-04-07,11.245098114013672,11.38880529585013,11.173243952053863,11.352877643828645,346200
2016-04-08,11.34688663482666,11.43670344739687,11.245093942691692,11.30497105635001,275900
2016-04-11,11.370840072631836,11.430718343226859,11.28102323778081,11.28102323778081,311100
2016-04-12,11.298983573913574,11.472629248748405,11.257067997977076,11.37682450220174,367900
2016-04-13,11.514541625976562,11.52052956432655,11.19120094965449,11.364846593474269,437500
2016-04-14,11.53250789642334,11.538495836048224,11.251081586549981,11.388800771674218,624600
2016-04-15,11.544487953186035,11.634304795895211,11.502572360644175,11.556462694686305,411000
2016-04-18,11.47263240814209,11.616339567536919,11.43071796274564,11.562449240003486,435400
2016-04-19,11.55645751953125,11.61034782944049,11.436702163574967,11.484604534374002,713900
2016-04-20,11.508557319641113,11.60436207931125,11.370838120375648,11.544484961079531,678600
2016-04-21,11.191205024719238,11.509755923188564,11.0894123198685,11.460655496089158,745400
2016-04-22,11.298983573913574,11.310958310669909,11.167251190849912,11.19719088794741,451300
2016-04-25,11.292994499206543,11.322933051211646,11.167250068203499,11.239104191931318,511800
2016-04-26,11.328925132751465,11.436705786714777,11.25707098274827,11.298986569798533,461700
2016-04-27,11.33491039276123,11.352873069451169,11.167251510464716,11.346886271942989,301100
2016-04-28,11.377042770385742,11.449278469221525,11.256651469856081,11.322866283295776,447600
2016-04-29,11.395101547241211,11.407141021278939,11.136258596167247,11.365002862146891,591600
2016-05-02,11.250638961791992,11.497442606832982,11.166363734307303,11.395109304146605,609500
2016-05-03,11.322867393493652,11.358985820526666,11.166357654126706,11.196456343320886,437100
2016-05-04,11.425200462341309,11.425200462341309,11.256652398071928,11.304809151884262,702700
2016-05-05,11.365006446838379,11.419182948948789,11.244615112930202,11.407144619261432,562500
2016-05-06,11.47938346862793,11.485403209789215,11.10616870181403,11.10616870181403,505300
2016-05-09,11.563651084899902,11.575690560492815,11.383063543596561,11.419180822227712,711700
2016-05-10,11.732207298278809,11.738227039666686,11.521520942296162,11.575697466638793,747200
2016-05-11,11.503458023071289,11.708124551496937,11.49141854536442,11.708124551496937,420100
2016-05-12,11.407146453857422,11.578705022082653,11.383067494314519,11.521518067242253,498200
2016-05-13,11.377042770385742,11.425199520227103,11.28072927070302,11.425199520227103,306500
2016-05-16,11.449281692504883,11.479379239073703,11.316849732047338,11.37102623438946,462600
2016-05-17,11.21451473236084,11.50345641622636,11.133251139560132,11.437240446235649,456900
2016-05-18,11.19645881652832,11.244615581728853,11.021889825083985,11.178399599022677,500200
2016-05-19,10.901501655578613,11.196462071704968,10.871402950985201,11.118206587910276,600900
2016-05-20,10.955678939819336,11.045972763600892,10.853345633360702,10.907522157259288,621300
2016-05-23,10.949654579162598,11.08208538829723,10.81120288308119,10.979752125009812,796300
2016-05-24,11.130244255065918,11.184420766352908,10.913538209917958,10.98577394101661,762400
2016-05-25,11.25665283203125,11.25665283203125,11.082083875139432,11.14829984473945,438500
2016-05-26,11.009849548339844,11.238593855563137,11.009849548339844,11.238593855563137,631700
2016-05-27,11.100146293640137,11.148303063211653,11.015871085779018,11.015871085779018,356900
2016-05-31,11.033575057983398,11.136466371683458,11.009365948270467,11.021469925922467,762200
2016-06-01,11.166726112365723,11.206066049066271,11.015415466693605,11.057782262776419,713700
2016-06-02,11.336193084716797,11.336193084716797,11.0940962870502,11.118306544021156,867700
2016-06-03,11.336193084716797,11.423953534623623,11.215145263087793,11.41487526546381,468200
2016-06-06,11.221195220947266,11.433029148196818,11.142513058476013,11.330137888786325,484500
2016-06-07,11.215145111083984,11.26961703412176,11.136462931403385,11.233301649157525,505600
2016-06-08,11.209091186523438,11.263563102950188,11.136461579818292,11.21514374994957,399100
2016-06-09,11.166726112365723,11.233302011463598,11.094096494503317,11.233302011463598,366200
2016-06-10,10.894362449645996,11.118302630161654,10.888309887533877,11.118302630161654,521900
2016-06-13,10.88830852508545,10.997252320655138,10.845941750010134,10.894361086440213,479900
2016-06-14,10.864106178283691,10.912525544771498,10.715821219059858,10.85805361317162,719200
2016-06-15,10.997254371643066,11.063831404554056,10.845943772778636,10.870152868304652,828400
2016-06-16,11.039623260498047,11.051728387774311,10.821735587159168,11.009361596715857,636500
2016-06-17,11.130407333374023,11.269613962308885,11.033568642015672,11.075935425183918,1147200
2016-06-20,11.233298301696777,11.324084428236448,11.172773832534252,11.196984081962555,791500
2016-06-21,11.257509231567383,11.296244247704067,11.06988440479028,11.27566576532782,718700
2016-06-22,11.263562202453613,11.348295774828328,11.239351950684641,11.342243211886085,593400
2016-06-23,11.336193084716797,11.36645590593049,11.190935006116838,11.324087956231319,567500
2016-06-24,11.190930366516113,11.378555162620078,11.039619786404634,11.142511027056765,1158500
2016-06-27,10.833841323852539,11.118306058803899,10.77331683847511,11.106200930846704,757000
2016-06-28,11.094096183776855,11.215145158687621,10.948838106529083,10.948838106529083,722800
2016-06-29,11.343609809875488,11.37403864521869,11.130613766179998,11.221897950726834,1023600
2016-06-30,11.447053909301758,11.453139670193085,11.191457755567004,11.319256412804483,705300
2016-07-01,11.507920265197754,11.538347935110837,11.410550328586446,11.434893393109874,863500
2016-07-05,11.568771362304688,11.62658437243313,11.45314418130714,11.45314418130714,1081400
2016-07-06,11.587026596069336,11.61136848416269,11.517040911042361,11.526170134725268,723400
2016-07-07,11.629630088806152,11.660057750405583,11.51400288539472,11.617458559870025,632300
2016-07-08,11.769598007202148,11.806111429602208,11.58702973446108,11.678313870831614,686300
2016-07-11,11.860886573791504,11.860886573791504,11.720917435026731,11.80003007323341,626500
2016-07-12,11.903482437133789,11.906525899715689,11.775684866475011,11.860883246914195,859000
2016-07-13,11.988679885864258,11.988679885864258,11.775682811200955,11.89130999357372,1094500
2016-07-14,12.000852584838867,12.019109878470356,11.873055011641144,11.96433915831679,826700
2016-07-15,12.098223686218262,12.104309451360779,11.897398079479311,12.00693953056256,826900
2016-07-18,12.092135429382324,12.256446395635988,12.055620849556474,12.067792376165091,1428300
2016-07-19,12.195590019226074,12.20776038403138,12.043449432124394,12.104304738372615,1051300
2016-07-20,12.226018905639648,12.262532325219954,12.152990905738356,12.17124819589885,1073400
2016-07-21,12.329471588134766,12.329471588134764,12.183416784298094,12.21993019507216,1502600
2016-07-22,12.390331268310547,12.432930452080303,12.262532556260576,12.31730326703332,1001800
2016-07-25,12.37208080291748,12.463364984315797,12.335567362506422,12.414680010187272,796500
2016-07-26,12.232108116149902,12.372685459557475,12.171251625872339,12.365991466167735,853600
2016-07-27,12.37208080291748,12.39946617341111,12.171255139544648,12.23211164739064,1017700
2016-07-28,12.530299186706543,12.566812603594798,12.305130600957686,12.353815543722222,2282100
2016-07-29,12.456917762756348,12.597569960354262,12.438571367519607,12.456917762756348,915100
2016-08-01,12.518072128295898,12.524187594375109,12.322381879384707,12.41411153776109,658400
2016-08-02,12.35906982421875,12.505838633544414,12.322378205090104,12.407993538264332,854400
2016-08-03,12.22453498840332,12.377418119073305,12.169496968049668,12.359071723486847,529700
2016-08-04,12.304035186767578,12.30403518676758,12.11445926003694,12.230650768935437,732200
2016-08-05,12.291803359985352,12.346841377745733,12.212303482595614,12.340725912838394,642200
2016-08-08,12.29792308807373,12.414113462374564,12.255115985288574,12.279576686991778,806700
2016-08-09,12.230648040771484,12.475260768305814,12.163379103297483,12.383531141281127,800900
2016-08-10,12.181731224060059,12.261229960493132,12.090001553896961,12.200077624655094,632600
2016-08-11,11.973809242248535,12.206191136066879,11.912655743957615,12.169499503654713,760100
2016-08-12,12.03495979309082,12.181727453200992,12.013556248891776,12.028844328118854,465500
2016-08-15,12.090002059936523,12.19701981853847,12.038021172611229,12.151155564740245,813900
2016-08-16,12.102229118347168,12.151151673241106,12.059420862209972,12.089998188022255,641700
2016-08-17,12.090002059936523,12.12669369625632,11.961579583208097,12.102232994178484,550400
2016-08-18,12.157264709472656,12.193957496636871,12.059419609845941,12.059419609845941,589700
2016-08-19,12.218422889709473,12.218422889709474,12.004386214517533,12.071655183796555,679900
2016-08-22,12.206189155578613,12.230651017488361,12.080825029305588,12.212304621056049,634700
2016-08-23,12.09611701965332,12.27346089309825,12.071655152195515,12.169500289214657,599100
2016-08-24,12.022727012634277,12.096111414597031,12.004380620542214,12.034957940695652,350300
2016-08-25,12.047192573547363,12.099172284184922,11.998270012662541,12.016615243990687,355300
2016-08-26,12.03495979309082,12.108343039943067,11.900421896518905,12.05942048657301,463400
2016-08-29,11.998261451721191,12.108336260367603,11.955453220886168,12.04718397769905,811700
2016-08-30,11.992156982421875,12.034964086089712,11.882080906472527,12.034964086089712,643200
2016-08-31,12.059759140014648,12.139665281716452,11.875358457621772,11.9859986325808,2345400
2016-09-01,11.641793251037598,11.826192881177402,11.531153004000014,11.80160681093808,2306000
2016-09-02,11.518857955932617,11.740138422599415,11.432804962177357,11.654084256460044,1619700
2016-09-06,11.500417709350586,11.586471876860053,11.383631836647382,11.525004949320186,1438300
2016-09-07,11.432807922363281,11.518860938399413,11.383634602859146,11.475834430381347,1185200
2016-09-08,11.420513153076172,11.457392845906432,11.285286831109023,11.383633460245912,1371100
2016-09-09,11.211526870727539,11.365193633493625,11.131620669938291,11.346753199903326,1393100
2016-09-12,11.414365768432617,11.432806200112937,11.156205586829337,11.242259762286588,1876800
2016-09-13,11.18693733215332,11.402069795461504,11.143909667107687,11.383630539968799,1224500
2016-09-14,11.23611068725586,11.34674973788741,11.174643766426776,11.229963877934551,1132800
2016-09-15,11.346750259399414,11.365190688210888,11.205377155663621,11.266844079317808,957100
2016-09-16,11.28528881072998,11.365195021276426,11.211528239746375,11.31602169808219,844600
2016-09-19,11.365189552307129,11.402069233860049,11.27913657122234,11.309869443785782,853000
2016-09-20,11.377486228942871,11.386705858713668,11.29757886298179,11.371339418300922,1087700
2016-09-21,11.494272232055664,11.494272232055664,11.319092248173451,11.352897945026951,1079200
2016-09-22,11.55573844909668,11.611058569622761,11.494272690631425,11.494272690631425,1177200
2016-09-23,11.598766326904297,11.611058775384668,11.457392031729988,11.51271215323641,1349300
2016-09-26,11.463537216186523,11.604910318924409,11.420510721647519,11.54959137764858,1448000
2016-09-27,11.383636474609375,11.4758363172915,11.34060995951669,11.457395879801233,944100
2016-09-28,11.451242446899414,11.494270109500755,11.340603403076328,11.402069147738956,689600
2016-09-29,11.414365768432617,11.469685891089338,11.383632888016324,11.44509982123315,744900
2016-09-30,11.439085960388184,11.494705596756125,11.30312750411752,11.469985234489595,1042300
2016-10-03,11.395828247070312,11.43290761740615,11.318578871277028,11.408187251360971,1204500
2016-10-04,11.290769577026367,11.414367876838416,11.20424947055275,11.3834685965684,1116500
2016-10-05,11.228967666625977,11.340206940061021,11.160987848697502,11.309306487033643,1530600
2016-10-06,11.309306144714355,11.32784641596959,11.074468602473326,11.167167601286057,1342400
2016-10-07,11.259865760803223,11.402005472368339,11.179526948815665,11.303126390507513,861600
2016-10-10,11.389647483825684,11.392736940033156,11.25986792720644,11.266048018353247,650100
2016-10-11,11.296944618225098,11.392733051476553,11.133175205561958,11.346384151793046,1092000
2016-10-12,11.346389770507812,11.402009420655952,11.250600111090007,11.296950212457471,728600
2016-10-13,11.432903289794922,11.457623646482888,11.278404596689585,11.340204309678017,1044900
2016-10-14,11.3649263381958,11.457626520295335,11.346387244761317,11.42054597596281,641600
2016-10-17,11.309306144714355,11.389646141421984,11.27222678093561,11.352566777643238,601600
2016-10-18,11.377285957336426,11.402006319003013,11.27840686813352,11.327846412734973,901200
2016-10-19,11.389647483825684,11.432906943121477,11.31548756879585,11.37110721038526,846000
2016-10-20,11.266044616699219,11.420543312524709,11.160985456388625,11.414363223243909,574300
2016-10-21,11.247506141662598,11.247506141662598,11.173346244975631,11.222785783189753,647900
2016-10-24,11.303122520446777,11.377281217085484,11.247502908602133,11.27840216907972,695700
2016-10-25,11.210431098937988,11.321670409128506,11.185711907080176,11.290771124623205,513300
2016-10-26,11.111546516418457,11.228965861583967,11.074467157477821,11.191886502643332,640000
2016-10-27,11.012666702270508,11.09918559357932,10.907607543367742,11.074466415518868,775600
2016-10-28,11.018852233886719,11.080651977659134,10.9694126746152,11.031212418387616,520000
2016-10-31,11.20529556274414,11.211510510944285,11.000207013660047,11.068569073101301,841300
2016-11-01,11.04992389678955,11.223937680981827,10.944272162652812,11.17421928758689,657300
2016-11-02,10.981561660766602,11.105858248255956,10.9535949878505,11.043709954511279,655000
2016-11-03,10.863480567932129,11.025065665648578,10.851050671481595,11.000207058127677,690100
2016-11-04,11.000201225280762,11.031274764550215,10.85104491772468,10.857259862654479,459800
2016-11-07,11.130717277526855,11.205295469930688,11.043710374205846,11.093428774015015,806500
2016-11-08,11.06856918334961,11.112072635803768,10.919413981200988,11.112072635803768,959700
2016-11-09,10.950485229492188,11.012632321528445,10.813758782100903,10.913195551814674,1246700
2016-11-10,10.844830513000488,10.959804023912977,10.764037419099141,10.938052310642492,1398300
2016-11-11,10.894554138183594,10.95670124299677,10.78268745291181,10.807546057761073,1239700
2016-11-14,11.28608226776123,11.310942048995848,10.906978901590588,11.043705327621764,2784700
2016-11-15,11.056134223937988,11.342014570148612,10.894549216583481,11.310941031779459,1780100
2016-11-16,11.012636184692383,11.168006340045503,11.000207473153095,11.080999432369424,1260500
2016-11-17,11.043707847595215,11.174218172718207,10.981559565707173,11.043707847595215,1269600
2016-11-18,11.056134223937988,11.118281300676294,11.025059500189329,11.074777872807678,1059400
2016-11-21,11.074779510498047,11.149357673143617,11.031276076196331,11.037491021865103,1410900
2016-11-22,11.273660659790039,11.286090559539472,11.031283541578519,11.031283541578519,894100
2016-11-23,11.310943603515625,11.310943603515625,11.161787266367837,11.298513711190013,967900
2016-11-25,11.404165267944336,11.425916986524332,11.298513555393036,11.310943447547249,470700
2016-11-28,11.348233222961426,11.497388389553286,11.342018276180946,11.435240107128372,1030200
2016-11-29,11.677616119384766,11.690044825255557,11.404164438772916,11.49117130676682,2172300
2016-11-30,11.5214204788208,11.765094384704057,11.416452359449432,11.677621944996757,2776800
2016-12-01,11.840073585510254,11.840073585510254,11.433948752409908,11.52142239841387,2468800
2016-12-02,11.965032577514648,11.971280779433043,11.615141612143148,11.621389814061544,3715100
2016-12-05,12.139972686767578,12.164964290429984,11.92129049404168,11.971274893088564,3835200
2016-12-06,12.227448463439941,12.302425678574185,12.07124702432247,12.121231437171165,3172200
2016-12-07,12.333663940429688,12.36303036025414,12.202455320079387,12.221198727716713,1836900
2016-12-08,12.289931297302246,12.364908524759123,12.221202271443659,12.321171113571094,1248000
2016-12-09,12.32741641998291,12.361780924841442,12.246816664222854,12.308673011312674,1727100
2016-12-12,12.32741641998291,12.371152629176562,12.239944001595612,12.289928410920114,1572900
2016-12-13,12.302422523498535,12.352406923528244,12.239941725530873,12.321165928683364,1664700
2016-12-14,12.208704948425293,12.39614619706487,12.196208547390016,12.296177372227444,1658700
2016-12-15,12.152470588684082,12.25243939915192,12.052501778216243,12.214950201434812,1418400
2016-12-16,12.214949607849121,12.29617500723348,12.1462217988187,12.152469998134587,4697900
2016-12-19,12.308666229248047,12.339906020966891,12.214944470648181,12.214944470648181,1169100
2016-12-20,12.296173095703125,12.402390084116654,12.189956107289596,12.28367669901401,1091300
2016-12-21,12.283686637878418,12.364912090356091,12.252446812601125,12.283686637878418,1146500
2016-12-22,12.296173095703125,12.364902085771286,12.21494770894585,12.289924897358567,1635300
2016-12-23,12.364900588989258,12.377395792443838,12.227442625492346,12.277427014476176,1003800
2016-12-27,12.396149635314941,12.436762354082916,12.34616520903233,12.364909815784332,769200
2016-12-28,12.364900588989258,12.39926388814165,12.31491500828359,12.37114759485563,911500
2016-12-29,12.490496635437012,12.515616359727638,12.36490160730702,12.36490160730702,1000200
2016-12-30,12.547019958496094,12.55957982578785,12.44654341571178,12.503061620749815,1522300
2017-01-03,12.691454887390137,12.691454887390137,12.490501801055737,12.547020006309147,2407400
2017-01-04,12.785651206970215,12.785651206970215,12.590976879182351,12.685174675494101,1997000
2017-01-05,12.634940147399902,12.773095119604616,12.565862062410002,12.660058688812082,1989400
2017-01-06,12.603533744812012,12.641212135702597,12.521897031586668,12.603533744812012,1523200
2017-01-09,12.603533744812012,12.62237353914453,12.484217442921633,12.609813676256184,1489400
2017-01-10,12.722851753234863,12.790045711148428,12.565857039395995,12.622375232199957,1972600
2017-01-11,12.685172080993652,12.773088728609961,12.628653893876171,12.747969001991306,1526500
2017-01-12,12.64749526977539,12.71029340234456,12.547018736774625,12.685174867981745,855400
2017-01-13,12.641209602355957,12.710287636623905,12.597251288830613,12.647489532541607,544200
2017-01-17,12.641209602355957,12.732266793386577,12.57841269604787,12.647489532541607,1284900
2017-01-18,12.685172080993652,12.704010678183153,12.565855775104026,12.634933825530835,1061300
2017-01-19,12.59097671508789,12.685174510171988,12.559578248576337,12.685174510171988,742200
2017-01-20,12.691454887390137,12.716574622069375,12.578419674658193,12.590978344222938,1322400
2017-01-23,12.760530471801758,12.78565020158289,12.685173678007649,12.691452412678291,1394700
2017-01-24,12.7354154586792,12.832751444039086,12.691455919415894,12.754254063445643,1246600
2017-01-25,12.817049026489258,12.823328959111151,12.678894102131625,12.69773270222263,950800
2017-01-26,12.961484909057617,12.98660464153281,12.779371639711533,12.804490174411958,1849200
2017-01-27,12.823325157165527,12.980319832842003,12.773086908860027,12.967759971322048,963800
2017-01-30,12.660053253173828,12.785649499634806,12.603535062043845,12.766809703333287,1330200
2017-01-31,12.572135925292969,12.678892369728954,12.534456334710024,12.660052574437483,1185300
2017-02-01,12.426980018615723,12.698366765973871,12.376489544952893,12.628941913267038,1292500
2017-02-02,12.490087509155273,12.521643588861528,12.38279515285182,12.445907312264328,1239500
2017-02-03,12.584756851196289,12.698360663287932,12.53426640179859,12.559511024603804,1197400
2017-02-06,12.5279541015625,12.681318996801716,12.51533118911624,12.578444547560354,862100
2017-02-07,12.59107494354248,12.723611991640364,12.515338627638046,12.58476348356812,942900
2017-02-08,12.628937721252441,12.660493805396628,12.509022434687129,12.591070179521928,791200
2017-02-09,12.704668998718262,12.704668998718262,12.565820584776862,12.61631102655438,850200
2017-02-10,12.83720588684082,12.843517341910074,12.666800211331887,12.70466773796044,1483600
2017-02-13,12.881393432617188,12.894016351147927,12.761478114150691,12.786723951212172,1013300
2017-02-14,12.919259071350098,12.93503831907083,12.729920136577196,12.799344974428134,1143200
2017-02-15,12.925568580627441,12.941346622181404,12.748852589163189,12.875078125382311,1144200
2017-02-16,12.881393432617188,13.017086797353224,12.849837340078105,12.91294952515627,1524900
2017-02-17,12.774096488952637,12.881388850724646,12.767785031932245,12.862454479663466,1542400
2017-02-21,12.912945747375488,12.957125949307823,12.742541212214713,12.774097295521823,1126100
2017-02-22,12.862455368041992,12.944503111186604,12.811964912178931,12.887701197867232,743500
2017-02-23,12.72360610961914,12.931879377338396,12.717294652562515,12.875077467616112,1302500
2017-02-24,12.742542266845703,12.767786894823269,12.654183059455438,12.685740349161787,894200
2017-02-27,12.761470794677734,12.811961236053616,12.692047190152822,12.742537631528704,1147600
2017-02-28,12.39542293548584,12.714145034095461,12.276139595664159,12.660498227766332,6599800
2017-03-01,12.554008483886719,12.554008483886719,12.357355644560245,12.395418186980304,1508300
2017-03-02,12.465198516845703,12.538149916550969,12.414449664444296,12.490573548020446,925800
2017-03-03,12.09092903137207,12.367511149315801,12.033836403447431,12.312955783306943,1788600
2017-03-06,12.059207916259766,12.148018107085276,11.99577154712093,12.052864158351072,1381200
2017-03-07,12.141678810119629,12.19242768208659,12.040181066185704,12.06555610714346,1391200
2017-03-08,11.951369285583496,12.148020987590101,11.913307939054436,12.084584603409406,1311900
2017-03-09,11.881591796875,12.030033138419112,11.837186681010918,11.983089550263946,1111300
2017-03-10,11.856216430664062,12.008463041064187,11.754718690397313,11.976744241013012,708700
2017-03-13,11.900620460510254,11.957713085471289,11.824496557246073,11.862559113852361,874300
2017-03-14,11.906960487365723,11.945021822092196,11.837180365410507,11.900616729919975,480700
2017-03-15,12.084579467773438,12.13215703817681,11.94502044984362,11.97039547671152,959400
2017-03-16,12.09092903137207,12.160709178824062,12.059211442502141,12.084585271608391,727900
2017-03-17,12.09092903137207,12.128991589954133,12.059211442502141,12.090929031372069,1255200
2017-03-20,12.021153450012207,12.148025050861216,11.96088832040629,12.128994976205703,765900
2017-03-21,11.862550735473633,12.09726361902884,11.849863225565908,12.09726361902884,973000
2017-03-22,11.818156242370605,11.900623929105471,11.748377288151197,11.900623929105471,1133000
2017-03-23,11.818156242370605,12.014809212308363,11.811813691035999,11.811813691035999,1083500
2017-03-24,11.818156242370605,11.868905122688696,11.761064810717906,11.824500003653961,855000
2017-03-27,11.7673978805542,11.866993521510757,11.703962738730565,11.818146719981767,1335700
2017-03-28,11.79912281036377,11.830840397804769,11.716655147099727,11.767404012974367,956600
2017-03-29,11.91330623626709,11.91330623626709,11.75471590345711,11.79912100305219,971300
2017-03-30,12.10361099243164,12.109954749282009,11.887928099310754,11.932333187315423,972100
2017-03-31,12.180137634277344,12.18651481551935,12.078105167051135,12.10361267569621,1212400
2017-04-03,12.12274169921875,12.173757922226063,12.058971116378933,12.16738074230981,904200
2017-04-04,12.078110694885254,12.141881320168512,12.027094437923349,12.109995399365129,712000
2017-04-05,12.033470153808594,12.173764539254801,12.020715787043477,12.148255805724567,1402500
2017-04-06,12.161006927490234,12.16738410917113,11.982450705717339,12.020712579479667,864500
2017-04-07,12.052597045898438,12.176949045540026,12.046219864336944,12.161006699797799,980900
2017-04-10,12.154633522033691,12.16738788935803,12.039846648761463,12.039846648761463,836000
2017-04-11,12.205648422241211,12.233707783980222,12.129124659423221,12.154632174921458,610600
2017-04-12,12.161006927490234,12.243909073018825,12.129122235408799,12.218400346295248,883500
2017-04-13,12.135502815246582,12.176952683294541,12.103616897913485,12.148255965856443,524500
2017-04-17,12.199267387390137,12.205644568331932,12.12912082967617,12.180137060887644,749600
2017-04-18,12.129119873046875,12.224775146983651,12.084480826297899,12.192890461112325,752900
2017-04-19,12.218402862548828,12.253476760855335,12.103616001299637,12.16738661491844,806500
2017-04-20,12.231157302856445,12.250287635632027,12.122747623942743,12.250287635632027,719100
2017-04-21,12.199267387390137,12.24390765398271,12.167382699004051,12.237530473040914,651000
2017-04-24,12.237534523010254,12.250287672791561,12.058977046515674,12.250287672791561,1001700
2017-04-25,12.320430755615234,12.365069803576867,12.243907020916103,12.263037346429469,796700
2017-04-26,12.345940589904785,12.422464331495433,12.263038450804816,12.301301537923083,786100
2017-04-27,12.31406021118164,12.435224275461845,12.294929875358731,12.39058520344374,788500
2017-04-28,12.006365776062012,12.33969817607364,11.991623003515556,12.33969817607364,1379600
2017-05-01,12.115339279174805,12.17303146995722,11.993544518339172,12.051236709121586,737600
2017-05-02,12.17944049835205,12.192261255471653,12.070466508144818,12.115337935408732,821500
2017-05-03,12.173027038574219,12.198668546323084,12.08328420676196,12.185847792448651,968400
2017-05-04,12.173027038574219,12.179437415511435,12.051232322075878,12.173027038574219,961600
2017-05-05,12.28200626373291,12.35892959728486,12.179442634100248,12.185853013784152,973100
2017-05-08,12.03841495513916,12.275592831184419,11.987133153076298,12.275592831184419,1026700
2017-05-09,11.923032760620117,12.096109332516635,11.865340569987945,12.07046781550019,956500
2017-05-10,11.929443359375,11.980725171696642,11.858930408937173,11.916622600630877,853000
2017-05-11,11.93585205078125,11.93585205078125,11.724314452038223,11.897389779988208,1354000
2017-05-12,11.833290100097656,11.929444577844919,11.801239422618552,11.916623817791288,684200
2017-05-15,11.94226360321045,12.012776557827154,11.8461103522408,11.858931111744733,882300
2017-05-16,11.871753692626953,11.99995763937071,11.858932931156044,11.942265435406732,1115300
2017-05-17,11.73713493347168,11.858929688835488,11.705084261212413,11.839698551887064,1572100
2017-05-18,11.980731964111328,12.03201380550695,11.749963066503268,11.801244907898887,1889000
2017-05-19,12.03841495513916,12.118542847278295,11.955081262627882,12.006363064690744,669900
2017-05-22,12.064057350158691,12.173031351391302,12.03841705598004,12.057646970950323,803600
2017-05-23,12.057644844055176,12.147388914487193,12.041619510188436,12.128157780254346,787900
2017-05-24,12.2114896774292,12.2114896774292,12.076875412074346,12.108926078305156,1131700
2017-05-25,12.051234245300293,12.262771827369615,12.019183578153715,12.224310782262807,813800
2017-05-26,12.076878547668457,12.096109685992769,12.01277597590895,12.05123702990271,427000
2017-05-30,12.044824600219727,12.121746687305487,12.01982376039505,12.096106399161743,721500
2017-05-31,12.06416130065918,12.102829370755074,11.977159986738483,12.083495335707127,1263400
2017-06-01,12.154386520385742,12.199498043167752,12.025495401697022,12.096385639895498,794800
2017-06-02,12.147941589355469,12.21238714736202,12.115718195753804,12.154386268075802,590100
2017-06-05,12.122159957885742,12.199494854726204,12.0899378012335,12.147938666564725,764600
2017-06-06,12.057713508605957,12.122159046260416,11.961045816722464,12.122159046260416,671100
2017-06-07,12.044833183288574,12.083500039238926,12.002943372310668,12.057721315807234,821900
2017-06-08,12.186605453491211,12.212384162070993,12.006158181022174,12.044826243891848,718200
2017-06-09,12.2703857421875,12.360608769081171,12.173716808576794,12.21882832202363,1055200
2017-06-12,12.321941375732422,12.379941012399874,12.276828635129853,12.276828635129853,930900
2017-06-13,12.495943069458008,12.495943069458008,12.244606796968387,12.334829822129477,1158900
2017-06-14,12.502387046813965,12.54105387983273,12.431498057812307,12.495942369778094,1015500
2017-06-15,12.463724136352539,12.508835660604579,12.437945420096032,12.437945420096032,623000
2017-06-16,12.483057022094727,12.483057022094727,12.399277431185844,12.483057022094727,1280900
2017-06-19,12.624833106994629,12.631277783854332,12.444385842512272,12.476609226810778,1086000
2017-06-20,12.547500610351562,12.618390840151344,12.447611172939137,12.592613356985662,816200
2017-06-21,12.399275779724121,12.586167742861969,12.33483023280774,12.553944354805493,500000
2017-06-22,12.321941375732422,12.412164398544565,12.296162666816668,12.392830366857751,921000
2017-06-23,12.302603721618652,12.38638204253384,12.289714370955968,12.321937747612681,2990900
2017-06-26,12.379942893981934,12.41216628502414,12.309053892082446,12.34772073213641,588100
2017-06-27,12.257493019104004,12.405716873757392,12.251048343354352,12.373494724205338,627900
2017-06-28,12.412165641784668,12.521722707257194,12.273608140475394,12.309053254186598,1210000
2017-06-29,12.204864501953125,12.43160055274255,12.124534889940538,12.43160055274255,858600
2017-06-30,12.120646476745605,12.256688588246517,12.088256145042125,12.230775334394172,797200
2017-07-03,12.327953338623047,12.353865366401605,12.140085885875767,12.172477465114474,437000
2017-07-05,12.12712574005127,12.325357452222558,12.107692033751839,12.28907988247744,866800
2017-07-06,12.01052474975586,12.185434356661117,11.965176533256287,12.09474039488709,824000
2017-07-07,12.0429048538208,12.104446956161624,11.991727060802662,12.042904853820803,562900
2017-07-10,11.867998123168945,12.0785389806387,11.867998123168945,12.055865501909578,871600
2017-07-11,11.926299095153809,11.93925571890756,11.848561823854597,11.89390877138108,669800
2017-07-12,11.932778358459473,12.122588092700482,11.923061507675236,11.991081934388388,802400
2017-07-13,12.00404167175293,12.00404167175293,11.926303138486647,11.95221639477943,636100
2017-07-14,12.101211547851562,12.130363337680581,12.029951342578,12.042907968193525,1118500
2017-07-17,12.2243013381958,12.347385618187193,12.023477277049768,12.120649532268542,1031500
2017-07-18,12.055866241455078,12.20486374956127,12.055866241455078,12.191907122174992,888300
2017-07-19,12.04938793182373,12.094734892078987,12.013757824305458,12.075299950993022,769700
2017-07-20,11.796738624572754,12.055866229595386,11.796738624572754,12.055866229595386,1122400
2017-07-21,11.842087745666504,11.88095639521212,11.777305839349085,11.822652803087651,706200
2017-07-24,11.757871627807617,11.887435448497994,11.73843791963258,11.842088481940014,616200
2017-07-25,11.81617259979248,11.822650912949715,11.757869016989256,11.796737660320774,885900
2017-07-26,11.673654556274414,11.861520713718486,11.66717624248503,11.829130380383582,747300
2017-07-27,11.829133033752441,11.85180651929512,11.602396942713355,11.68013549001132,629200
2017-07-28,11.887431144714355,11.920468930895627,11.835605882323708,11.855039583462876,674100
2017-07-31,11.958691596984863,11.984604849211994,11.8032157904577,11.926301267312825,748800
2017-08-01,12.030343055725098,12.030343055725098,11.900074786479937,12.02382945591152,649900
2017-08-02,11.900074005126953,12.049883063976461,11.841452852995921,12.036855865204663,506800
2017-08-03,11.789347648620605,11.926129535944474,11.76655066739996,11.900076375553295,545300
2017-08-04,11.841447830200195,11.896811537983586,11.766543332547737,11.808879847085088,595600
2017-08-07,11.874014854431152,11.91309643510224,11.802367774550605,11.86750125765264,505700
2017-08-08,11.665589332580566,12.03685579914485,11.54834702896194,11.919613495526225,1526200
2017-08-09,11.567882537841797,11.685124787853875,11.522288605579652,11.665583998738036,1001900
2017-08-10,11.457158088684082,11.548345986671988,11.418077738452398,11.522292833964844,1234300
2017-08-11,11.64604377746582,11.672098164223979,11.392019718281473,11.398533314971013,2966400
2017-08-14,11.704667091369629,11.782829023900595,11.652559550462911,11.737235080899936,899400
2017-08-15,11.789347648620605,11.821914409695154,11.567890194755226,11.730726484812575,1456100
2017-08-16,11.847963333129883,11.867502883801283,11.812139167110011,11.84144973545884,831800
2017-08-17,11.743753433227539,11.919615678521385,11.737239832684466,11.847968557232141,730700
2017-08-18,11.672101020812988,11.808882857744207,11.639534271736556,11.724208564740382,962900
2017-08-21,11.672101020812988,11.711181368173072,11.587426727809163,11.659073824245677,710000
2017-08-22,11.730722427368164,11.769151788468417,11.672101283836126,11.698154435215992,620400
2017-08-23,11.67861557006836,11.769803468781129,11.672101971254312,11.711182321796649,548600
2017-08-24,11.659075736999512,11.763290841951525,11.629765161085379,11.72421048818003,919400
2017-08-25,11.652558326721191,11.71117945937763,11.613477985730778,11.691639910053246,510500
2017-08-28,11.561371803283691,11.69815363392806,11.541831009330872,11.685127680301301,688700
2017-08-29,11.600454330444336,11.626508727281252,11.5157800254084,11.528807223826858,762200
2017-08-30,11.717695236206055,11.73723603150686,11.600452949084959,11.67210128951271,650700
2017-08-31,11.907637596130371,11.914187601598158,11.717691185421979,11.783189990814039,1949200
2017-09-01,11.920743942260742,11.953492737717985,11.84541946399344,11.874893879619547,650400
2017-09-05,11.822489738464355,11.960037365933333,11.770090939734724,11.920738579207585,1320400
2017-09-06,11.953489303588867,11.966589317722836,11.822491660821395,11.842141682022348,1027600
2017-09-07,11.914186477661133,11.966585267174526,11.851962056230068,11.94693525262487,812300
2017-09-08,12.01243782043457,12.07466101210089,11.868341416387581,11.887990187815852,808700
2017-09-11,12.176186561584473,12.231859756937236,12.068769176340403,12.084488946045182,1226100
2017-09-12,12.169631004333496,12.261328578060589,12.123782217469952,12.189281019826051,1278300
2017-09-13,12.326833724975586,12.339933742046467,12.176187276519615,12.189287293590496,1831800
2017-09-14,12.274436950683594,12.320285768782895,12.182739314484989,12.320285768782895,975700
2017-09-15,12.28753662109375,12.343209827409028,12.244962184373115,12.280986611653146,4277800
2017-09-18,12.241683006286621,12.372679395896215,12.21548297879306,12.333380603941944,1066500
2017-09-19,12.176186561584473,12.274434185274613,12.123787745663977,12.254784160822059,1116600
2017-09-20,12.261336326599121,12.267886335902576,12.156538676316895,12.202387492154552,629900
2017-09-21,12.208937644958496,12.300636526998147,12.202387635578052,12.254786461335046,832700
2017-09-22,12.21548843383789,12.261337253140162,12.184704762000635,12.22858845343472,552000
2017-09-25,12.21548843383789,12.353036141031334,12.21548843383789,12.22858845343472,1375400
2017-09-26,12.280985832214355,12.369409080120677,12.195838213463722,12.235137018326594,1039800
2017-09-27,12.300636291503906,12.326835079237556,12.235137448239994,12.287536272993819,1032200
2017-09-28,12.379232406616211,12.379232406616211,12.235135968294534,12.28753478671027,894400
2017-09-29,12.385780334472656,12.411980363922538,12.320281510134114,12.346481539583996,930700
2017-10-02,12.418529510498047,12.444729540767566,12.359581940964034,12.37923071437997,1015000
2017-10-03,12.359267234802246,12.454744025583496,12.293421128887244,12.45145102953724,989200
2017-10-04,12.418534278869629,12.44487197972397,12.286842006866179,12.346103403676674,938300
2017-10-05,12.45803451538086,12.510711143644018,12.38560368055281,12.444865044337599,964900
2017-10-06,12.425111770629883,12.458034191472168,12.379018623176892,12.418527035279455,1160800
2017-10-09,12.425111770629883,12.444864720771314,12.35926567303546,12.425111770629883,674300
2017-10-10,12.477791786193848,12.490960004561025,12.438283363361741,12.444868100500425,642700
2017-10-11,12.504135131835938,12.510719871951519,12.458043206937628,12.46462794705321,726600
2017-10-12,12.668747901916504,12.675332641010712,12.464626013638302,12.464626013638302,1119600
2017-10-13,12.655579566955566,12.695088005089769,12.537058020285,12.675333786022668,960300
2017-10-16,12.589731216430664,12.675330297004695,12.563392264924605,12.662160821251666,688000
2017-10-17,12.543635368347168,12.619359209775416,12.510712941916676,12.583143787155835,747500
2017-10-18,12.635824203491211,12.668746639771737,12.546932118441266,12.563393336581528,541300
2017-10-19,12.648991584777832,12.658869319734627,12.53705480649058,12.563392502584534,596000
2017-10-20,12.543635368347168,12.668742849421154,12.464621042549963,12.668742849421154,771000
2017-10-23,12.438286781311035,12.609486226230603,12.421825561895998,12.583148526348651,844600
2017-10-24,12.537054061889648,12.563391756419355,12.438284253649979,12.45803846647997,756200
2017-10-25,12.451451301574707,12.550219834650083,12.365852241152057,12.53046688158103,891400
2017-10-26,12.438286781311035,12.464625737103525,12.359272425754643,12.45145625920728,704700
2017-10-27,12.444870948791504,12.464625164728758,12.355978860939578,12.418533250118978,574700
2017-10-30,12.359267234802246,12.458035765719742,12.306590601252248,12.458035765719742,872800
2017-10-31,12.471210479736328,12.487671699156229,12.294084392937958,12.372441907306387,1047500
2017-11-01,12.530468940734863,12.530468940734863,12.421822657360888,12.497545253692639,1091600
2017-11-02,12.52385139465332,12.582101431705999,12.431842167780074,12.576806318122564,798300
2017-11-03,12.490753173828125,12.556945871361506,12.457655562516658,12.470894607041245,543800
2017-11-06,12.517227172851562,12.563562555676272,12.457652748492798,12.523846693618593,805000
2017-11-07,12.616523742675781,12.841582510662816,12.477517524972383,12.490756573099883,1714200
2017-11-08,12.755525588989258,12.795241453284707,12.629757212418353,12.642996254698355,1551700
2017-11-09,12.72905158996582,12.775386990273153,12.695955236187718,12.735671113230435,1246900
2017-11-10,12.662858009338379,12.715812934539068,12.6165226076059,12.6165226076059,665300
2017-11-13,12.735668182373047,12.77538405027596,12.689332792728871,12.689332792728871,1040600
2017-11-14,12.722426414489746,12.745594104350669,12.649614216017309,12.669471514444153,728000
2017-11-15,12.689329147338867,12.748903563351037,12.636374251166307,12.71580596415299,834700
2017-11-16,12.748910903930664,12.762149951232674,12.66947788266365,12.682716929965657,1155700
2017-11-17,12.788623809814453,12.788623809814453,12.709192069561118,12.715810329128272,862200
2017-11-20,12.815107345581055,12.874018971092488,12.755532883795356,12.815107345581055,1360500
2017-11-21,12.907772064208984,12.907772064208984,12.742287806975535,12.815101284172552,1221300
2017-11-22,12.854820251464844,12.90777517604425,12.809146423851542,12.90777517604425,740400
2017-11-24,12.887913703918457,12.90115274771854,12.821721010007462,12.874675922663082,384900
2017-11-27,12.861441612243652,12.887918447043347,12.82834399056257,12.887918447043347,804800
2017-11-28,12.815107345581055,12.894539119598463,12.729054784092696,12.894539119598463,835300
2017-11-29,12.834962844848633,12.887917774228676,12.788627439459232,12.815105535421807,861100
2017-11-30,12.89453411102295,12.894534111022947,12.782004756086572,12.881295066314012,1610000
2017-12-01,12.881231307983398,12.941113164733887,12.714893099023117,12.934459484088297,1051600
2017-12-04,12.96107006072998,13.034259262526337,12.881228448824446,12.914495575608496,1420500
2017-12-05,12.901190757751465,12.967726293481165,12.874577304895457,12.967726293481165,931300
2017-12-06,12.947757720947266,12.994333457209011,12.847955109933057,12.901183253744572,1413800
2017-12-07,13.094136238098145,13.12074967581964,12.921144451201672,12.941105481287096,2131900
2017-12-08,13.13405704498291,13.160671751795439,13.054215462663468,13.080828900416925,3112600
2017-12-11,13.014296531677246,13.173981003770658,12.987683087524697,13.10079308055662,2050000
2017-12-12,13.074174880981445,13.127403024152084,13.007639384753388,13.040907767396934,992100
2017-12-13,13.047567367553711,13.107449214439567,13.03426000845472,13.074180816692085,1187400
2017-12-14,13.127403259277344,13.147364289220995,12.981026180201082,13.054215354268743,1486200
2017-12-15,13.207250595092773,13.247171399477873,13.14071507507795,13.147368753985381,2144800
2017-12-18,13.327014923095703,13.406856535734791,13.225881029297277,13.240518362167213,2020400
2017-12-19,13.047567367553711,13.333669242884,13.000992879766848,13.333669242884,1328200
2017-12-20,13.000986099243164,13.134055813653186,13.000986099243164,13.100788702315418,1092300
2017-12-21,13.007649421691895,13.044244036307347,12.961074919112233,13.034264148343139,950500
2017-12-22,13.074174880981445,13.120749347623375,12.981025947697587,13.034254090868226,792700
2017-12-26,13.074174880981445,13.134056700680794,13.040907767396934,13.040907767396934,673800
2017-12-27,13.107447624206543,13.12075371263159,13.047565784585721,13.074179230495277,688700
2017-12-28,13.173979759216309,13.173979759216309,13.060869776869959,13.087484487567572,1108700
2017-12-29,13.047567367553711,13.193944510463798,13.040913688004215,13.173983471815308,922200
2018-01-02,13.107754707336426,13.154567912004103,13.00075273222055,13.107754707336426,1140800
2018-01-03,13.06762409210205,13.147874903762853,13.000747565342282,13.10106171770011,868800
2018-01-04,12.907119750976562,13.094373768373075,12.88705768610226,13.074310427935137,1500100
2018-01-05,12.887060165405273,12.953936704167608,12.840246970940804,12.927185578437122,1358600
2018-01-08,13.02750015258789,13.02750015258789,12.853621656641984,12.866997219921805,1236000
2018-01-09,13.02750015258789,13.101064475062984,12.99539931094189,13.067626842427353,1184100
2018-01-10,13.02750015258789,13.087688911783163,12.927185979117077,13.007438083232081,1180100
2018-01-11,13.154565811157227,13.181315662882037,13.040876071307881,13.040876071307881,1217900
2018-01-12,13.074317932128906,13.201383276706233,13.047568071755157,13.174633416332483,989800
2018-01-16,13.121126174926758,13.228128116622155,13.050905114293597,13.07431170931673,1471100
2018-01-17,13.315069198608398,13.368570179431758,13.121128621460214,13.167941820235155,1543300
2018-01-18,13.134501457214355,13.328443288475054,13.09437604492602,13.328443288475054,1416300
2018-01-19,13.228133201599121,13.23482098497138,13.074316735165684,13.114443435399235,1173100
2018-01-22,13.221449851989746,13.238168678244861,13.141197700174647,13.23482542321971,1149700
2018-01-23,13.341821670532227,13.341821670532227,13.163930221707,13.208068567220796,1239200
2018-01-24,13.455506324768066,13.462192829391105,13.321753272161693,13.33512883253506,1720200
2018-01-25,13.375255584716797,13.502320869929463,13.308379051680458,13.475569746489418,1403100
2018-01-26,13.315069198608398,13.408695596158278,13.228130583106935,13.402009089673857,943200
2018-01-29,13.201377868652344,13.295673925971371,13.147876894257593,13.288317749271217,1437300
2018-01-30,13.040874481201172,13.194689617664643,13.02081113818097,13.167939769201508,1092700
2018-01-31,13.034191131591797,13.241507311029215,12.953940283354708,13.07431655571034,2226900
2018-02-01,12.866131782531738,13.074518336801178,12.866131782531738,13.034184710860071,1504400
2018-02-02,12.59052848815918,12.85269199911858,12.550196133450978,12.839247453501699,1820300
2018-02-05,12.214086532592773,12.624136076262785,12.119977305708005,12.577080180678344,1761400
2018-02-06,12.321646690368652,12.348535787502897,11.871264570511835,12.099816767582025,2561900
2018-02-07,12.173759460449219,12.489698631874946,12.167037186741105,12.301478814475567,1651800
2018-02-08,11.891427040100098,12.22081066655615,11.891427040100098,12.22081066655615,1947200
2018-02-09,12.106537818908691,12.16703699920662,11.756987284330126,11.965372637499328,1762600
2018-02-12,12.119980812072754,12.170395934428319,11.803368561253007,12.167035439128252,1931600
2018-02-13,12.207364082336426,12.247696424388113,11.998978819237,12.086365774039328,1290100
2018-02-14,12.24770450592041,12.24770450592041,12.066208205858178,12.12670739992655,1169400
2018-02-15,12.308199882507324,12.406342761175301,12.17375826794238,12.281312072451328,1152100
2018-02-16,12.348536491394043,12.415756673775896,12.275264595026488,12.314925118060323,873800
2018-02-20,12.207364082336426,12.375417003384166,12.193919540938518,12.335084661332479,1267100
2018-02-21,12.079647064208984,12.240977762115236,12.079647064208984,12.106536154931232,1357800
2018-02-22,12.046036720275879,12.167035061602714,12.002342589876214,12.113258163473276,1095700
2018-02-23,11.951925277709961,12.03595174576493,11.888064341417207,12.01242443728091,1412300
2018-02-26,11.783876419067383,11.945207139699665,11.730099512189957,11.945207139699665,1879800
2018-02-27,11.488100051879883,11.804039144210062,11.467933235804313,11.763706794201212,2172300
2018-02-28,11.420879364013672,11.562044521531288,11.39399155628893,11.481378534072311,3153200
2018-03-01,11.441166877746582,11.55611955111174,11.380309504215987,11.393833651608048,1579000
2018-03-02,11.488499641418457,11.56964323277073,11.305927528176069,11.407357339799816,3432400
2018-03-05,11.441166877746582,11.54935747741571,11.387071577912018,11.474975956493052,1809100
2018-03-06,11.502026557922363,11.542597718501108,11.420882947030933,11.454693322291504,1904700
2018-03-07,11.644024848937988,11.664311071627589,11.444548173225149,11.454691929436843,3394200
2018-03-08,11.630498886108398,11.698117030892664,11.583164379132596,11.698117030892664,1235000
2018-03-09,11.752215385437012,11.765739533814223,11.583167399923203,11.650786852075482,1602000
2018-03-12,11.70488452911377,11.826599309719805,11.630504277425445,11.786028146095806,1543600
2018-03-13,11.752215385437012,11.793463651067372,11.667691392680108,11.73193045260497,1147300
2018-03-14,11.758978843688965,11.80293168622138,11.698121458562216,11.758978843688965,1016900
2018-03-15,11.772500991821289,11.79278721332531,11.664310389933933,11.79278721332531,1199000
2018-03-16,11.860405921936035,11.887452925853484,11.771824436882468,11.806309334633877,1560200
2018-03-19,11.846881866455078,11.897595482841432,11.728547515419644,11.873928870581073,1156900
2018-03-20,11.718404769897461,11.887452733277248,11.664309473205275,11.853643656494734,1104400
2018-03-21,11.725166320800781,11.78602368808477,11.644022734510946,11.711642174796884,1137100
2018-03-22,11.576404571533203,11.860405188642474,11.562880425543822,11.664308940997087,1632900
2018-03-23,11.393835067749023,11.664311600539401,11.326215612117968,11.603454219444835,1741800
2018-03-26,11.556116104125977,11.562878175805,11.414115178333068,11.48173460539001,1542800
2018-03-27,11.603450775146484,11.68121267463298,11.447926976173495,11.549355484645728,1381400
2018-03-28,11.752215385437012,11.907740512307385,11.644024777886877,11.6710730746413,1624800
2018-03-29,11.880688667297363,11.914499028142675,11.72178319565787,11.765736019890083,1747300
2018-04-02,11.792283058166504,11.94869711130564,11.676672389081885,11.901092947056007,1672700
2018-04-03,12.016703605651855,12.07110855004912,11.785482267684436,11.826285651703337,1555000
2018-04-04,11.989498138427734,12.071106187610196,11.90789138636121,11.941893983536273,2022400
2018-04-05,11.989498138427734,12.043223383426358,11.941893983536273,12.023502032718735,1235800
2018-04-06,11.907896995544434,12.02350769636007,11.86709360029084,11.928299341729502,1172200
2018-04-09,11.73787784576416,11.935095278455641,11.73787784576416,11.914694235452204,1098600
2018-04-10,11.649468421936035,11.785481421724297,11.632467121241527,11.785481421724297,1049600
2018-04-11,11.765080451965332,11.833086959774777,11.615467172477551,11.62906873346269,962900
2018-04-12,12.030302047729492,12.098308534877576,11.703871168841863,11.805881548121915,2418600
2018-04-13,12.003107070922852,12.047311512102647,11.928301051753275,12.030310203069414,1608800
2018-04-16,12.064306259155273,12.173116134324518,12.00990132157065,12.064306259155273,1102700
2018-04-17,12.091508865356445,12.15951406162539,12.050704191055909,12.111909905390739,1474500
2018-04-18,12.227526664733887,12.288732409651368,12.151359976700263,12.15952013736817,1527500
2018-04-19,12.152714729309082,12.227520705549088,12.084708235086902,12.22071992641527,924100
2018-04-20,12.145914077758789,12.220720054784577,12.132312519348282,12.179916676669055,1025800
2018-04-23,12.139117240905762,12.224125062904937,12.098313849538755,12.179920632272767,599100
2018-04-24,12.179917335510254,12.207120453802752,12.125512396041332,12.207120453802752,1158500
2018-04-25,12.213921546936035,12.241124668815868,12.108512692442295,12.1527171169389,1132000
2018-04-26,12.227526664733887,12.268331359423287,12.173121702264638,12.241128229630354,1328300
2018-04-27,12.275127410888672,12.302330533071757,12.173118296934623,12.227523244184534,1140900
2018-04-30,12.234321594238281,12.315929647458876,12.213919256654133,12.30912886826416,1404000
2018-05-01,12.27535343170166,12.316384886790885,12.145418968824938,12.247998258731219,1033000
2018-05-02,12.234328269958496,12.340327674496619,12.165942903796868,12.26852225740656,1445800
2018-05-03,12.357419967651367,12.418967820527083,12.248001852398277,12.254840647647448,1102300
2018-05-04,12.501032829284668,12.54890309461112,12.33690564629387,12.377937115949843,1113500
2018-05-07,12.719869613647461,12.767739881007573,12.507872156323973,12.528387239840047,1288000
2018-05-08,12.562581062316895,12.719869454349446,12.473678020304101,12.719869454349446,1085700
2018-05-09,12.671998023986816,12.713029491104358,12.487354465407641,12.55574111351476,1183800
2018-05-10,12.692510604858398,12.808767492427123,12.65147914582431,12.719865780458834,1298800
2018-05-11,12.624122619628906,12.777992205003171,12.617285130826872,12.733542005957824,1051500
2018-05-14,12.562581062316895,12.678837983464202,12.514709491189345,12.64464400408738,907300
2018-05-15,12.480520248413086,12.593358454837508,12.460003855144835,12.507875439437418,1840000
2018-05-16,12.576251983642578,12.624122229977822,12.521542944349958,12.54889811617946,940900
2018-05-17,12.501032829284668,12.624127238252589,12.487355237943708,12.603612155608053,1107000
2018-05-18,12.576251983642578,12.576251983642578,12.473672698014713,12.53522053026471,1069700
2018-05-21,12.733545303344727,12.767737973674883,12.624125888681347,12.644642273499498,1140300
2018-05-22,12.754055976867676,12.798507476430895,12.685669355470335,12.726702110928526,934500
2018-05-23,12.972896575927734,12.986574165776496,12.760899150738993,12.760899150738993,1718300
2018-05-24,13.027606964111328,13.048123350983973,12.959221616602962,12.98657549473293,1119300
2018-05-25,13.034449577331543,13.061804767840332,12.988631068033326,13.000256893562833,729200
2018-05-29,13.061797142028809,13.082312218565898,12.966055335511843,12.99341051004998,1064700
2018-05-30,13.137019157409668,13.18283893697948,13.06863384075953,13.08914891400805,1144300
2018-05-31,13.01392650604248,13.16437604845287,13.000248919177952,13.16437604845287,2245500
2018-06-01,13.027676582336426,13.096423164242877,12.952053768730929,13.06204987328965,1458900
2018-06-04,13.062054634094238,13.096427937575706,13.02768133061277,13.062054634094238,1199100
2018-06-05,13.013928413391113,13.146610592323366,12.993303649415253,13.082676315386816,1334400
2018-06-06,13.055177688598633,13.089552298012157,12.938306639107193,13.013929468559674,1047500
2018-06-07,13.04830551147461,13.08268012811896,12.89018620868324,13.07580520479009,1497300
2018-06-08,12.910806655883789,13.08955066881484,12.89705681382976,13.041426221625738,929800
2018-06-11,12.876432418823242,12.993303457109045,12.842059123962713,12.92455555613084,937700
2018-06-12,12.86955451965332,12.952052243989062,12.842056152379303,12.890179278551466,1110300
2018-06-13,12.766438484191895,12.910809232052111,12.677067115522139,12.890184464855688,1122700
2018-06-14,12.883310317993164,12.910810009243793,12.766439252692894,12.787064021130865,853400
2018-06-15,12.752683639526367,12.890179411080638,12.745810031079825,12.876429571673839,1832200
2018-06-18,12.6770601272583,12.811117761991985,12.615187171034039,12.738933083482562,1570000
2018-06-19,12.491445541381836,12.683939394661735,12.488008736527327,12.615191496257692,1809000
2018-06-20,12.567071914672852,12.642693444171396,12.515510648474212,12.525822377210954,2922800
2018-06-21,12.642690658569336,12.653003696291243,12.539569460150531,12.567069145732708,1087800
2018-06-22,12.683939933776855,12.745812913844619,12.635815484968587,12.69768846503635,1397800
2018-06-25,12.649568557739258,12.738941245662952,12.635818711711384,12.677068249795008,1046500
2018-06-26,12.608318328857422,12.66331639297837,12.594568485012864,12.66331639297837,977500
2018-06-27,12.532693862915039,12.677064581921753,12.525818941890233,12.635815055772916,1000300
2018-06-28,12.484567642211914,12.615188486894175,12.477692722885818,12.546440604889996,1321000
2018-06-29,12.36014175415039,12.415444351674989,12.201146951081908,12.27027552761714,2809800
2018-07-02,12.346315383911133,12.380879008133332,12.21497123853483,12.339402395363145,1445000
2018-07-03,12.532960891723633,12.595176470589964,12.353228462240628,12.394705075312263,1350700
2018-07-05,12.602087020874023,12.609000008134696,12.505307836259606,12.560610415827487,1208800
2018-07-06,12.691957473754883,12.69887046261527,12.595176948227257,12.61591591480842,1004600
2018-07-09,12.609004974365234,12.719610177064386,12.564071198731824,12.691959535648607,973000
2018-07-10,12.588262557983398,12.68504307273697,12.56752491222865,12.609001522255806,969700
2018-07-11,12.436180114746094,12.664303435550664,12.436180114746094,12.574437232180568,1401600
2018-07-12,12.48457145690918,12.512223411671675,12.360140297513505,12.450007831973837,1192000
2018-07-13,12.532960891723633,12.588263481991731,12.470746631375057,12.50531025584846,1055100
2018-07-16,12.48457145690918,12.546787036607018,12.45692082066446,12.532961059225771,660200
2018-07-17,12.415444374084473,12.574440495957868,12.394706724049023,12.512224908815655,923300
2018-07-18,12.44309139251709,12.456917366064065,12.325573254402622,12.415439445423141,979200
2018-07-19,12.581353187561035,12.64356877323004,12.409223312642258,12.44309603751482,804600
2018-07-20,12.512224197387695,12.58826444072402,12.456921602907707,12.567526791867685,888300
2018-07-23,12.595181465148926,12.595181465148926,12.498402223431848,12.53987885295084,773400
2018-07-24,12.456921577453613,12.609003382333361,12.456921577453613,12.609003382333361,744300
2018-07-25,12.436180114746094,12.512221661186814,12.339400923652514,12.456919077916542,988100
2018-07-26,12.408527374267578,12.553696136245023,12.398157235185357,12.443090988495342,568300
2018-07-27,12.325580596923828,12.4638377777205,12.30484162424887,12.4638377777205,721300
2018-07-30,12.373967170715332,12.422356776535118,12.29101393745795,12.339403543277735,769500
2018-07-31,12.436180114746094,12.539872293563155,12.360138568305372,12.373964543752338,1249700
2018-08-01,12.575213432312012,12.582165063682954,12.38057173159,12.422281519815646,1012900
2018-08-02,12.526552200317383,12.62734885720448,12.519600569578134,12.547405766647133,890200
2018-08-03,12.415327072143555,12.568258949948751,12.38056892317341,12.547404060566665,849800
2018-08-06,12.42227554321289,12.463983985483669,12.35971221686299,12.429225845351793,822400
2018-08-07,12.387519836425781,12.48483999613719,12.32495649778624,12.463986433849165,945100
2018-08-08,12.192882537841797,12.49179472042471,12.189406059340657,12.49179472042471,1605800
2018-08-09,12.067757606506348,12.22068953587372,12.060805974368522,12.178981068935029,1494300
2018-08-10,11.984336853027344,12.088608661621214,11.970433591644698,12.046900203361261,1154500
2018-08-13,11.95653247833252,12.05385266292722,11.907871060147095,11.991289308291178,1225100
2018-08-14,12.123369216918945,12.165077683442039,12.060805854190184,12.06775748625874,1563700
2018-08-15,12.24154281616211,12.304106171254679,12.165076198629395,12.199833028841674,1776600
2018-08-16,12.297150611877441,12.4153256530931,12.220684018770939,12.220684018770939,1405500
2018-08-17,12.269349098205566,12.373620923934865,12.248495528592626,12.3388640906545,1582100
2018-08-20,12.283248901367188,12.30410379099297,12.206782298627141,12.29715216111771,1194800
2018-08-21,12.352765083312988,12.387521910203445,12.276298473088438,12.28325010364412,1125500
2018-08-22,12.297150611877441,12.401422395094162,12.283247353878503,12.380567508095755,949200
2018-08-23,12.227641105651855,12.331912935410937,12.213737841447111,12.297156100787328,880700
2018-08-24,12.30410385131836,12.318005785249214,12.192880424544521,12.227637248203408,679800
2018-08-27,12.324955940246582,12.36666571471129,12.248490672169966,12.36666571471129,1090400
2018-08-28,12.42227554321289,12.42227554321289,12.304100518539462,12.338857332783864,867700
2018-08-29,12.470940589904785,12.505697418018526,12.429230805102694,12.45008569750374,870500
2018-08-30,12.443134307861328,12.505697660388991,12.41532911000905,12.491794398518838,933600
2018-08-31,12.338277816772461,12.464107494979986,12.32429644511896,12.415174027529723,1719400
2018-09-04,12.212446212768555,12.38021864614334,12.191475491932191,12.338275871133838,1012700
2018-09-05,12.324295997619629,12.373230796630041,12.177495600599213,12.212447695126853,1000800
2018-09-06,12.254393577575684,12.383717946001198,12.254393577575684,12.366241896214582,728500
2018-09-07,12.233417510986328,12.240408195278723,12.149530632814276,12.240408195278723,1021600
2018-09-10,12.240407943725586,12.324293486837007,12.233417259576855,12.282350715281297,632900
2018-09-11,12.177496910095215,12.264878489147753,12.149534164796602,12.233421067355355,744600
2018-09-12,12.2683744430542,12.28235581715928,12.12157401496252,12.18448886509816,1229700
2018-09-13,12.380215644836426,12.443130458766776,12.268367383035015,12.31730216424253,982100
2018-09-14,12.31031608581543,12.40818301816411,12.26138261964109,12.39420164687517,921100
2018-09-17,12.261381149291992,12.366238754710926,12.219437040454984,12.324294645873918,981000
2018-09-18,12.240407943725586,12.261379996171776,12.192173156435018,12.240407943725586,843000
2018-09-19,12.107589721679688,12.254391447714232,12.058656257447138,12.254391447714232,1078700
2018-09-20,12.177496910095215,12.177496910095215,12.03768585027632,12.107591380185767,1195800
2018-09-21,12.184483528137207,12.233416982734282,12.128559389549602,12.177492844146677,1790000
2018-09-24,12.100601196289062,12.191478788945789,12.051667723321811,12.184488102330874,858600
2018-09-25,12.135553359985352,12.212448238031914,12.121571988217978,12.135553359985352,853400
2018-09-26,12.03768253326416,12.180988230088614,12.034187857733341,12.128560097106037,954600
2018-09-27,12.121570587158203,12.2124468264683,12.058655754813964,12.079627810040993,802200
2018-09-28,12.226426124572754,12.2334168084637,12.132053892049925,12.135549900663706,1417300
2018-10-01,12.156524658203125,12.275363657162144,12.156524658203125,12.23342087321692,1138800
2018-10-02,12.121365547180176,12.21628359503138,12.072149079638404,12.156521124744415,933700
2018-10-03,12.212769508361816,12.233861515234807,12.114335225777614,12.128397457725107,1325400
2018-10-04,11.959657669067383,12.198710307378201,11.945595433625902,12.177616954215981,1393600
2018-10-05,11.93856143951416,12.036995722839885,11.93856143951416,11.980748135674439,1122200
2018-10-08,12.1424560546875,12.177610282984157,11.952620003370717,11.952620003370717,974700
2018-10-09,12.008866310119629,12.149485890610862,11.994804083860965,12.142454777481529,1000100
2018-10-10,11.868254661560059,12.02293657168879,11.868254661560059,11.98778098254653,1107700
2018-10-11,11.579985618591309,11.903410335768383,11.551862488125128,11.882316982132286,1648700
2018-10-12,11.572953224182129,11.69107411404713,11.48155138393816,11.636231937061977,2053400
2018-10-15,11.544831275939941,11.643264243340425,11.523737922476151,11.60810999528271,1223500
2018-10-16,11.650294303894043,11.741697486227,11.509675983375734,11.60107782466021,1657500
2018-10-17,11.66435718536377,11.741698137620993,11.57295399796004,11.657326067790516,991700
2018-10-18,11.53076457977295,11.674899086730807,11.52373346467158,11.671384199704166,1232400
2018-10-19,11.509673118591309,11.558889585575047,11.48857977229193,11.516702892976289,1484500
2018-10-22,11.425302505493164,11.572951924937884,11.411240272865577,11.530766568103438,1446300
2018-10-23,11.37608528137207,11.432332867121016,11.165156499551468,11.390147513071362,1999400
2018-10-24,11.249528884887695,11.41827165723521,11.235466651929983,11.39014853236813,1453900
2018-10-25,11.432336807250977,11.523738662701378,11.249531755301485,11.284686005617326,1445200
2018-10-26,11.404206275939941,11.478032308062748,11.26358800832807,11.42529961955331,1671500
2018-10-29,11.39015007019043,11.622171581125306,11.33179300248045,11.48155191465934,1639600
2018-10-30,11.446395874023438,11.555374824452954,11.383117168139318,11.439364757697613,1647500
2018-10-31,11.369054794311523,11.548343564724652,11.369054794311523,11.481549972031193,2956900
2018-11-01,11.5034761428833,11.552998886307941,11.376131174423623,11.425653917848264,1629100
2018-11-02,11.411505699157715,11.581299912680855,11.326609941789878,11.531775813256926,1446500
2018-11-05,11.51054859161377,11.574221062447736,11.411501776209116,11.418576645123254,1729700
2018-11-06,11.163887977600098,11.70864009115686,11.086066439862465,11.510549149532585,2624100
2018-11-07,11.425652503967285,11.432727373494396,11.18511301231575,11.18511301231575,1797000
2018-11-08,11.468099594116211,11.524698546495278,11.376128995286814,11.425651729225205,2140200
2018-11-09,11.45395565032959,11.48932865990035,11.383208281794252,11.425656163157926,1164900
2018-11-12,11.354907989501953,11.517627330413749,11.347834467604406,11.45395483818603,1376700
2018-11-13,11.277081489562988,11.500642871438796,11.266469861971272,11.3902773565483,1850200
2018-11-14,11.255859375,11.33368158827191,11.149739033788618,11.312456980272293,1784400
2018-11-15,11.121440887451172,11.199262430618813,11.045034183294328,11.178038496063404,1944400
2018-11-16,11.09314250946045,11.149740120247758,11.009660932344657,11.142665250225159,3297900
2018-11-19,11.086067199707031,11.156814547733331,11.015319851680731,11.12851506876544,1661000
2018-11-20,11.149738311767578,11.199261044499734,11.036543108553147,11.064841909356755,3260500
2018-11-21,11.107290267944336,11.227560345390785,11.107290267944336,11.156813677578949,1462500
2018-11-23,11.050694465637207,11.16742712752188,11.050694465637207,11.071918401971663,1161300
2018-11-26,11.199258804321289,11.284155189750358,11.093138491209075,11.100212683972458,1303200
2018-11-27,11.149738311767578,11.25232121166942,11.1285137051424,11.213410782249854,1230700
2018-11-28,11.227560043334961,11.333681054242726,11.093140905821098,11.142663639426736,1658200
2018-11-29,11.262933731079102,11.354904329432953,11.18511219605021,11.19926125937517,1103000
2018-11-30,11.298531532287598,11.327009215560802,11.184620799194784,11.248695756299874,2256800
2018-12-03,11.355485916137695,11.419561546659247,11.14902256053379,11.312769734405283,1065500
2018-12-04,11.149026870727539,11.334132207026629,11.116989382561862,11.31277410790342,1389600
2018-12-06,11.305648803710938,11.319887302946023,11.010192645747997,11.106305061690028,2104500
2018-12-07,11.134788513183594,11.337692154971444,11.092071635404276,11.2842965669686,2113500
2018-12-10,11.006632804870605,11.134782692253914,10.978155127558914,11.120543514117376,1608700
2018-12-11,11.056471824645996,11.205979844277003,11.049352912443823,11.084949510339447,2184700
2018-12-12,11.084951400756836,11.32701210991276,11.084951400756836,11.149026374234781,1575600
2018-12-13,11.170381546020508,11.223777795904656,11.070709994688011,11.070709994688011,1230700
2018-12-14,11.177501678466797,11.273614118164383,11.106307806772016,11.12054630952635,1448200
2018-12-17,10.764571189880371,11.220214662723619,10.75033269205222,11.17749781131653,2098500
2018-12-18,10.785935401916504,10.899846844043688,10.728980020333765,10.800174586793041,1830700
2018-12-19,10.444201469421387,10.878486355411962,10.429962286784844,10.771695201484285,2205800
2018-12-20,10.017034530639648,10.422842370180483,10.002796028336594,10.401483598283601,2787400
2018-12-21,10.002798080444336,10.202141906313898,9.952961614755692,10.024156177761371,2620900
2018-12-24,9.860411643981934,10.034837612054337,9.860411643981934,9.96720283130404,1391300
2018-12-26,10.152303695678711,10.152303695678711,9.831929596567257,9.896003873220339,1942200
2018-12-27,10.25909423828125,10.25909423828125,9.963638043790176,10.066870061593326,1661100
2018-12-28,10.216379165649414,10.444200638005466,10.173662300101883,10.301812217782933,1752900
2018-12-31,10.22354793548584,10.288072539932882,10.02638934592808,10.230717487919101,1439500
2019-01-02,10.180532455444336,10.248641843807258,10.02639047933541,10.130346950190724,1294700
2019-01-03,10.22354793548584,10.384858762877295,10.130345805031906,10.130345805031906,1627100
2019-01-04,10.47447681427002,10.524663000916963,10.323919621781588,10.359766702607633,1211300
2019-01-07,10.61069393157959,10.675218530268676,10.48021096058794,10.503152705855749,1223000
2019-01-08,10.883129119873047,10.922560281392565,10.63936986512989,10.66087783357017,1672500
2019-01-09,10.997838973999023,11.04085491000923,10.847281830511353,10.947653487411792,1087800
2019-01-10,11.112552642822266,11.155569276472717,10.969165003531089,11.04085848131358,1288000
2019-01-11,11.119723320007324,11.24160299665934,11.065953035302321,11.126892873628329,1180400
2019-01-14,11.08387279510498,11.119719868356517,11.012178648601909,11.105380765565481,841100
2019-01-15,11.112552642822266,11.126891748614481,11.04085848131358,11.105383089926157,749300
2019-01-16,11.255940437316895,11.298957071560485,11.126891902038537,11.126891902038537,735600
2019-01-17,11.270278930664062,11.331218760356224,11.234431851364056,11.241601403969291,1040000
2019-01-18,11.306129455566406,11.320467881420418,11.220096165536825,11.313298326630223,658300
2019-01-22,11.105380058288574,11.338384993994916,11.055194569168256,11.313292249434756,1041400
2019-01-23,11.048027038574219,11.147681490180307,10.976333567252661,11.126890745871908,971700
2019-01-24,10.983503341674805,11.058782279056357,10.960561593053988,11.033689527837904,879000
2019-01-25,11.248770713806152,11.291787347397669,10.97633454138926,10.990672963435635,1099600
2019-01-28,11.263111114501953,11.280317769916815,11.16273941373278,11.198586498559362,1416900
2019-01-29,11.4208345413208,11.4208345413208,11.248768721161248,11.255938272777495,976700
2019-01-30,11.564226150512695,11.657428991784347,11.442347142351068,11.46385512217649,1383000
2019-01-31,11.764963150024414,11.764963150024414,11.463848861995643,11.549882101768988,1840200
2019-02-01,11.635127067565918,11.81546072647686,11.404300892212087,11.786608056486157,1639500
2019-02-04,11.69283390045166,11.721687946567878,11.602667070093446,11.606274513776295,1232500
2019-02-05,11.69283390045166,11.757754128376506,11.61348802530535,11.714474435038824,963200
2019-02-06,11.635127067565918,11.743328363581789,11.620701420488881,11.70726080629762,631100
2019-02-07,11.663978576660156,11.710865703014042,11.584631343728404,11.613485383280434,1229600
2019-02-08,11.43315315246582,11.685620525869997,11.425939641701529,11.613486794063588,1026200
2019-02-11,11.577422142028809,11.584635654601108,11.433156018093364,11.433156018093364,1285800
2019-02-12,11.555779457092285,11.613486164240559,11.483645729197837,11.599059143494385,902100
2019-02-13,11.750540733337402,11.772179889768775,11.526926027412218,11.541353048924133,1376300
2019-02-14,11.635127067565918,11.81546072647686,11.548567681757177,11.743328363581789,1015100
2019-02-15,11.801033020019531,11.801033020019531,11.671192588128047,11.678406098326061,1105500
2019-02-19,11.801033020019531,11.873165370326896,11.779392489425486,11.81545866457917,1237200
2019-02-20,12.046284675598145,12.082350844201603,11.79381736786551,11.80103087675343,1952200
2019-02-21,12.089566230773926,12.161699955020396,11.95251229228927,12.02464601653574,1544600
2019-02-22,12.111207008361816,12.186946801242431,12.06792594742742,12.089566477894618,928200
2019-02-25,11.959731101989746,12.161705344213038,11.92366491180275,12.154491831008245,1128100
2019-02-26,12.082353591918945,12.190553498171825,11.973432747364164,12.031860394056698,1588500
2019-02-27,11.887593269348145,12.046287753760973,11.786606870784702,12.031860732298625,1510600
2019-02-28,11.887593269348145,11.981367533016904,11.88037975861697,11.887593269348145,2263600
2019-03-01,11.916447639465332,11.974154351062692,11.746933572219605,11.93808679641651,1474800
2019-03-04,11.887414932250977,11.989017715750728,11.800328414068618,11.952730512995371,1073000
2019-03-05,11.959990501403809,12.043449009197566,11.883789435707186,11.923704675133667,1017400
2019-03-06,11.95273494720459,12.06885127066791,11.901934228716357,11.974507276934872,938800
2019-03-07,11.822103500366211,11.959990750436285,11.771301404628444,11.952733308188032,963600
2019-03-08,11.793075561523438,11.84387628092932,11.727759955368507,11.785818118148914,983300
2019-03-11,11.916446685791016,11.930961569318715,11.772027332072211,11.829358768840304,682600
2019-03-12,11.930960655212402,12.061591828522252,11.923703214004592,11.974503918243894,869400
2019-03-13,11.930960655212402,12.054334387314439,11.91644577279678,11.959989035828272,819100
2019-03-14,11.959990501403809,12.025306096062495,11.851131638377844,11.95273305930667,754100
2019-03-15,11.938220024108887,12.018049121854224,11.909190254590147,11.989020736551081,1271500
2019-03-18,11.916446685791016,12.039820427345495,11.836616210604154,11.938219011082564,1182100
2019-03-19,11.880162239074707,11.97087819532104,11.86564735386354,11.923705510492567,963400
2019-03-20,11.851127624511719,11.952729011029108,11.814841810531245,11.872899943429049,1053200
2019-03-21,11.901932716369629,11.981763197687727,11.822103619267118,11.822103619267118,771100
2019-03-22,11.698732376098633,11.898307237961227,11.676960044467558,11.865649432622556,1185900
2019-03-25,11.618898391723633,11.756787015585498,11.510038842552516,11.676956541105133,1140600
2019-03-26,11.836614608764648,11.836614608764648,11.640669244519765,11.640669244519765,1068900
2019-03-27,11.880162239074707,11.938220395703736,11.793074312023345,11.872904796469124,948700
2019-03-28,11.967247009277344,11.97450445080793,11.818472918438955,11.894673978186937,888200
2019-03-29,11.829360008239746,11.967248647768953,11.785816737309965,11.967248647768953,1261300
2019-04-01,12.018047332763672,12.018047332763672,11.851130335526145,11.88016010072331,1173700
2019-04-02,12.054555892944336,12.080110563509134,11.937734143898094,12.01074808520827,966100
2019-04-03,12.098363876342773,12.175027889150288,12.032651467472013,12.061857601470182,1193500
2019-04-04,12.164076805114746,12.21518614917087,12.076461184625723,12.08376132581216,1016700
2019-04-05,12.215189933776855,12.288203901889586,12.149477501737959,12.149477501737959,941000
2019-04-08,12.207884788513184,12.258995525919431,12.142172375901778,12.229789390258718,1141700
2019-04-09,11.959636688232422,12.21518477233408,11.919480345732538,12.20788323934546,1465600
2019-04-10,12.105667114257812,12.120270183312932,11.96694074348479,11.96694074348479,911700
2019-04-11,12.076459884643555,12.156773962675475,12.018047620438479,12.120267690172332,564000
2019-04-12,12.098363876342773,12.1202684768414,12.018048400472928,12.1202684768414,823000
2019-04-15,12.025350570678711,12.142172327606511,11.959638158328675,12.120269118573294,713500
2019-04-16,12.025350570678711,12.06915977399553,11.959638158328675,12.032652104564848,875100
2019-04-17,11.930435180664062,12.06186002481006,11.89392889845702,12.06186002481006,660100
2019-04-18,11.893925666809082,12.010747409280961,11.88297267102264,11.95233653804502,649000
2019-04-22,11.769807815551758,11.893931148209353,11.689492308354001,11.893931148209353,1072100
2019-04-23,12.003445625305176,12.04725342965985,11.766150682519454,11.799006883941708,1227100
2019-04-24,12.010749816894531,12.047256096500474,11.89757812191563,12.047256096500474,947700
2019-04-25,11.930435180664062,12.010750672670039,11.846469617487543,11.99614760273706,1050200
2019-04-26,12.010749816894531,12.047256096500474,11.937735865057348,11.97424214466329,790900
2019-04-29,11.981541633605957,12.134871045549987,11.952336893432133,12.047254039778391,887700
2019-04-30,12.010749816894531,12.054557630946722,11.945037399503596,11.97424214466329,977900
2019-05-01,11.981362342834473,12.10624478177265,11.951978981336278,12.032784276313263,1023000
2019-05-02,12.04747486114502,12.157664902331542,11.992380541122953,12.003399124898888,1109900
2019-05-03,12.12828254699707,12.172358286883806,12.047475856252632,12.10624397648245,811000
2019-05-06,12.157668113708496,12.234802423941794,12.054824234921119,12.07686280943674,986800
2019-05-07,12.091551780700684,12.223780403521692,12.033519259401988,12.120936541835366,1124100
2019-05-08,11.907903671264648,12.12828522158291,11.878520305241238,12.054824704810157,1347600
2019-05-09,12.032784461975098,12.15766690284017,11.86382627761136,11.915248211883574,1886700
2019-05-10,12.13563060760498,12.13563060760498,11.915249071919392,12.04013152179841,1161000
2019-05-13,12.084206581115723,12.109917545664024,11.944631772751746,12.003399891882502,957400
2019-05-14,12.142977714538574,12.201745848257541,12.062171005246432,12.091554371534501,1032400
2019-05-15,12.209090232849121,12.22378121324709,12.106244963207608,12.135629726288789,750000
2019-05-16,12.165016174316406,12.25316908478045,12.146651393303099,12.209093330119918,840800
2019-05-17,12.04747486114502,12.150320113909181,12.010745314463643,12.120935355650165,1207300
2019-05-20,11.871170997619629,12.054821540777288,11.807994885708347,12.047475350913887,1078200
2019-05-21,12.025439262390137,12.032784051770674,11.893210635259265,11.988708309774577,1258600
2019-05-22,11.907903671264648,11.981364188037404,11.84913553807501,11.966673205597106,1245100
2019-05-23,11.92259407043457,11.951978832709958,11.790365442480496,11.86382594702638,1222100
2019-05-24,11.907903671264648,12.003402763412074,11.871174113449682,11.937288438430878,696300
2019-05-28,11.82710075378418,11.966675623742482,11.82710075378418,11.944637043914403,1610200
2019-05-29,11.74629020690918,11.827096905509666,11.665484208880017,11.819750714623927,1667300
2019-05-30,11.709559440612793,11.84913355847712,11.680175378927077,11.790365435105688,909000
2019-05-31,11.41386604309082,11.651162172071203,11.41386604309082,11.6356381987261,1975600
2019-06-03,11.532143592834473,11.546928025353967,11.399080175188224,11.450826746497695,1421600
2019-06-04,11.598675727844238,11.641552066820095,11.450827863259377,11.569106154927265,1037100
2019-06-05,11.598675727844238,11.65781557867241,11.535840297271394,11.64303043971681,1285500
2019-06-06,11.509964942932129,11.64302834966932,11.432345092331502,11.64302834966932,1952100
2019-06-07,11.591279983520508,11.635633975552656,11.517355723474935,11.546925286494366,909500
2019-06-10,11.687383651733398,11.687383651733398,11.532143237592928,11.628243808494714,883400
2019-06-11,11.768699645996094,11.790876646316827,11.6578139393983,11.739130077237073,1113600
2019-06-12,11.6134614944458,11.790878941536103,11.580195634992085,11.753916797143724,1961900
2019-06-13,11.731733322143555,11.731733322143555,11.591278096910418,11.665201639930114,1167000
2019-06-14,11.650423049926758,11.73173919948417,11.631941626167643,11.71695476547111,1269200
2019-06-17,11.790874481201172,11.813051477449623,11.643026664554831,11.665203660803282,1599500
2019-06-18,11.90915584564209,12.042219260004973,11.835231569886234,11.857409275609477,1558300
2019-06-19,11.827840805053711,11.931333960901611,11.78348609183729,11.931333960901611,1806900
2019-06-20,11.83523178100586,11.901763489374108,11.798269642468592,11.901763489374108,1178100
2019-06-21,11.702169418334961,11.790878135818293,11.679992415212684,11.790878135818293,2670100
2019-06-24,11.62085247039795,11.790877324290182,11.569105193348609,11.783484755426823,1296600
2019-06-25,11.606067657470703,11.753915513904598,11.606067657470703,11.620852795611187,1762700
2019-06-26,11.369510650634766,11.650421919570443,11.35472551306197,11.643029350784044,1744800
2019-06-27,11.628239631652832,11.665201756027482,11.421252722146226,11.421252722146226,1616500
2019-06-28,11.724345207214355,11.761307345252947,11.657814204737868,11.665206068350269,1870200
2019-07-01,11.64251708984375,11.85081823098745,11.56812443326476,11.83593927399102,1297500
2019-07-02,11.694586753845215,11.694586753845215,11.60903421376915,11.642511140436445,951400
2019-07-03,11.76898193359375,11.79873912938856,11.70202806568855,11.70202806568855,674100
2019-07-05,11.761539459228516,11.798735410146348,11.645486219371248,11.716903324872918,971200
2019-07-08,11.798738479614258,11.809897693473074,11.731785324863779,11.746663567208062,1065900
2019-07-09,11.76898193359375,11.80617860570414,11.67227086989374,11.79873912938856,968200
2019-07-10,11.880572319030762,11.902890039203358,11.77642177577942,11.850815122311454,1251700
2019-07-11,11.664833068847656,11.880572933589312,11.657393591916117,11.880572933589312,1531200
2019-07-12,11.694586753845215,11.739222183090039,11.620193425814033,11.679707804452036,1063200
2019-07-15,11.731782913208008,11.761540101246977,11.635071874714523,11.702025015701711,1000500
2019-07-16,11.746662139892578,11.768979855430953,11.672268808808148,11.731783899356122,1028700
2019-07-17,11.672270774841309,11.754103594711268,11.620195859991338,11.754103594711268,850600
2019-07-18,11.605318069458008,11.65739298633846,11.519765508124724,11.65739298633846,1382700
2019-07-19,11.471407890319824,11.638792529654866,11.463968415356627,11.605315601787858,1324300
2019-07-22,11.471407890319824,11.523482796127446,11.426771750008019,11.471407890319824,804400
2019-07-23,11.620192527770996,11.623912264831818,11.478846066796253,11.523481492591518,1041700
2019-07-24,11.657390594482422,11.679708310070977,11.538361832053617,11.612754453837928,1009800
2019-07-25,11.582996368408203,11.679707407777224,11.571837866209648,11.657389693912783,726100
2019-07-26,11.635077476501465,11.6536754619297,11.508609189079996,11.56812359381155,1092700
2019-07-29,11.672270774841309,11.806178509561239,11.657392531798818,11.679710251096305,1021400
2019-07-30,11.761539459228516,11.787576908657913,11.649949478073164,11.664828426014125,723200
2019-07-31,11.687148094177246,11.798737384538583,11.620194236173482,11.731784236002225,1802100
2019-08-01,11.380184173583984,11.717097382253458,11.365210618138379,11.687149557349782,1547800
2019-08-02,11.335262298583984,11.447566458568899,11.305314474987178,11.372696542570665,925700
2019-08-05,11.118138313293457,11.305312354163634,10.972142075886355,11.245416718206162,1516900
2019-08-06,11.357721328735352,11.544895377377644,11.185520832698028,11.185520832698028,1752500
2019-08-07,11.365206718444824,11.455050162328266,11.185519116665718,11.267876142401374,1118300
2019-08-08,11.612278938293457,11.687148134431034,11.327774279340947,11.372695654221017,1299000
2019-08-09,11.52243709564209,11.589819167442352,11.443075322443466,11.559871341971409,794400
2019-08-12,11.702118873596191,11.709606005156115,11.567353361566257,11.634736117581225,1413400
2019-08-13,11.791964530944824,11.844373033709532,11.664686126505707,11.679660392445507,1431600
2019-08-14,11.604791641235352,11.791965699964953,11.526178879294855,11.776991432540648,1384100
2019-08-15,11.582330703735352,11.732069804679641,11.537408616445887,11.664687030751622,1375100
2019-08-16,11.776993751525879,11.821915848631951,11.604793926313045,11.612281061499475,1288800
2019-08-19,11.859347343444824,11.926730112398173,11.829399525466926,11.866834476442374,1152000
2019-08-20,11.76950454711914,11.881808692308056,11.75453028028737,11.84437373924097,1009200
2019-08-21,11.672173500061035,11.814425459359736,11.653455667250473,11.806939040247826,873500
2019-08-22,11.806941032409668,11.814427452784749,11.649714780334042,11.664688335096637,843600
2019-08-23,11.604791641235352,11.885552729329754,11.604791641235352,11.799452833677107,1050900
2019-08-26,11.67966365814209,11.724585040497157,11.619768005660337,11.69463721425628,980500
2019-08-27,11.604791641235352,11.747043611704406,11.597304507523198,11.717095790868164,928400
2019-08-28,11.747042655944824,11.773247621805277,11.597303563946646,11.619764963255607,917400
2019-08-29,11.851862907409668,11.889297866903666,11.791967257824256,11.791967257824256,840400
2019-08-30,12.002553939819336,12.077899824916583,11.91967332250204,11.91967332250204,2639100
2019-09-03,11.836791038513184,11.955083292614166,11.768979899300556,11.942275112682989,1497900
2019-09-04,12.03269100189209,12.04775974634259,11.866930501627307,11.866930501627307,1135300
2019-09-05,12.153246879577637,12.190920548758243,12.040228746242889,12.055298213915131,1215800
2019-09-06,12.145708084106445,12.221052514149829,12.130638623256615,12.153241377428476,1109500
2019-09-09,12.319003105163574,12.319003105163574,12.085432200304673,12.145708609207066,1200000
2019-09-10,12.432024002075195,12.432024002075195,12.221055804682802,12.303936424569683,1131300
2019-09-11,12.432024002075195,12.447093466982496,12.303936424569683,12.379282312002914,1809200
2019-09-12,12.303936004638672,12.462162506558544,12.288866540245689,12.462162506558544,809700
2019-09-13,12.311470985412598,12.432023828784061,12.288866788366729,12.341608477703836,1022500
2019-09-16,12.311470985412598,12.34914321005246,12.232358451406933,12.31900571776122,817200
2019-09-17,12.243661880493164,12.33407724670542,12.194686830582214,12.303938312266837,1017600
2019-09-18,12.273796081542969,12.30393356725554,12.179614103398912,12.281329375143908,1466600
2019-09-19,12.334074974060059,12.394351394727352,12.3039360451748,12.356677733620778,1317600
2019-09-20,12.341606140136719,12.4546256668563,12.28660389780242,12.334072846318195,2009000
2019-09-23,12.28886890411377,12.386819004406467,12.23612720569624,12.28886890411377,1047200
2019-09-24,12.266266822814941,12.371750225519442,12.243662620619586,12.288869587906717,1331900
2019-09-25,12.303936004638672,12.379281889500362,12.281331808049197,12.288866540245689,979400
2019-09-26,12.349140167236328,12.393594071167529,12.300166574692202,12.33407214335508,1212900
2019-09-27,12.394353866577148,12.52244146567801,12.35668019795718,12.35668019795718,1679400
2019-09-30,12.492301940917969,12.545043637392041,12.424490777707463,12.424490777707463,1933800
2019-10-01,12.416496276855469,12.606003250497377,12.382384963766988,12.583263338987368,1134000
2019-10-02,12.234570503234863,12.386176669741467,12.15876886580512,12.371015763926096,1315800
2019-10-03,12.234570503234863,12.31795403939585,12.162558369347185,12.21941104324305,1493600
2019-10-04,12.264891624450684,12.31037289351301,12.177718589654773,12.280052529412618,739500
2019-10-07,12.317953109741211,12.33690351766843,12.242150032208883,12.249730484544461,846400
2019-10-08,12.18150806427002,12.287631507106463,12.158768152704194,12.280052500466835,1077600
2019-10-09,12.128446578979492,12.26110088510768,12.128446578979492,12.242150476492725,946600
2019-10-10,12.128446578979492,12.204249659262814,12.113285673758128,12.181508301430767,1082400
2019-10-11,12.272472381591797,12.3520649658826,12.196669300723814,12.2421505709152,972800
2019-10-14,12.158768653869629,12.249731195529208,12.064014439998743,12.181508566372758,972000
2019-10-15,12.204245567321777,12.272468172120174,12.13223201457735,12.151183862661473,1116500
2019-10-16,12.234570503234863,12.344484901660973,12.189089231612305,12.204250137427678,1011700
2019-10-17,12.287631034851074,12.310372391366343,12.204248952608586,12.264891124159222,1047500
2019-10-18,12.34069538116455,12.355854841135539,12.226990033529036,12.264892298015393,858600
2019-10-21,12.507458686828613,12.507458686828613,12.355852548658952,12.355852548658952,1220300
2019-10-22,12.590839385986328,12.59462888797092,12.446813731581463,12.537777683264261,858400
2019-10-23,12.628743171691895,12.643904074856783,12.522619741184277,12.59842281118542,958500
2019-10-24,12.492300987243652,12.636326710854972,12.41649789872066,12.636326710854972,993900
2019-10-25,12.431655883789062,12.484717599537012,12.399061242921984,12.446816787095138,935600
2019-10-28,12.416496276855469,12.492299355476925,12.408917270234445,12.461978991522425,1020600
2019-10-29,12.408916473388672,12.454397739311553,12.393755569473253,12.401336021430962,1009500
2019-10-30,12.43923568725586,12.446816138513894,12.317951358773792,12.408915328046964,1079200
2019-10-31,12.492300987243652,12.507461894112982,12.412708394915157,12.477140080374323,1746200
2019-11-01,12.606698989868164,12.637204460833429,12.469420733898776,12.507552936267926,1474700
2019-11-04,12.682961463928223,12.682961463928223,12.553309959099069,12.629575806877993,2292500
2019-11-05,12.721095085144043,12.870574924532187,12.583816850395719,12.644829237544968,1690900
2019-11-06,12.62957763671875,12.843121750509141,12.62957763671875,12.77448262302831,1351400
2019-11-07,12.515179634094238,12.682963360578738,12.492299439943968,12.63720442692847,1254000
2019-11-08,12.484673500061035,12.53424506944478,12.37408808285078,12.484673500061035,949300
2019-11-11,12.484673500061035,12.56093790054378,12.416034375906408,12.507552238345781,986700
2019-11-12,12.309264183044434,12.53424770289818,12.309264183044434,12.484676123099415,1101600
2019-11-13,12.23299789428711,12.347395956187992,12.23299789428711,12.309262299120844,1703700
2019-11-14,12.33213996887207,12.370272163482968,12.232995390093745,12.24062066529594,2255700
2019-11-15,12.263501167297363,12.40077939883409,12.248247707204388,12.362645748601656,1702200
2019-11-18,12.309264183044434,12.400783519362271,12.278758707372154,12.385530054200881,1306500
2019-11-19,12.286382675170898,12.404593366944683,12.271129213441966,12.332141605707518,1487200
2019-11-20,12.19486141204834,12.301632717800189,12.171981950433654,12.248247064924264,2094700
2019-11-21,12.057583808898926,12.187234575124215,11.985131332544379,12.171981843290343,2408200
2019-11-22,12.057583808898926,12.149102381877052,12.030128018807998,12.088089999891634,1361000
2019-11-25,12.217744827270508,12.232998290591523,12.076653200851771,12.088093298342532,1219000
2019-11-26,12.34739875793457,12.34739875793457,12.213933109890304,12.233000670075635,1415800
2019-11-27,12.499920845031738,12.499920845031738,12.33213719004092,12.362642647925771,980400
2019-11-29,12.400779724121094,12.5228044987657,12.385526263628003,12.50755103827261,859700
2019-12-02,12.301023483276367,12.446823699672152,12.301023483276367,12.431477309918606,1144200
2019-12-03,12.270325660705566,12.339389525469423,12.208935721321206,12.285673511464559,938000
2019-12-04,12.1859130859375,12.370083611869902,12.178239161559961,12.247303017306399,1168700
2019-12-05,12.20893383026123,12.270323760136813,12.139869976194776,12.20893383026123,1270600
2019-12-06,12.301023483276367,12.362413433246134,12.208937826495788,12.23963280148067,2235500
2019-12-09,12.239631652832031,12.270326624936295,12.189752597597304,12.254979504797094,1260000
2019-12-10,12.170567512512207,12.24730530698258,12.15522039271364,12.201262483935187,1246700
2019-12-11,12.170567512512207,12.224284261371807,12.109177569666247,12.15522039271364,2003600
2019-12-12,12.116852760314941,12.262653706837293,12.078483859074558,12.170568782955925,1877700
2019-12-13,12.101503372192383,12.155219384771868,12.024765584085303,12.116850490718328,1245700
2019-12-16,12.277999877929688,12.28567380349159,12.139872145118716,12.201262085962298,2556400
2019-12-17,12.231961250305176,12.339394049529387,12.208940197552156,12.339394049529387,1287800
2019-12-18,12.316370964050293,12.316370964050293,12.201264980617035,12.23195995832097,1627100
2019-12-19,12.362412452697754,12.377758841234073,12.285674655409185,12.316368896133566,1004300
2019-12-20,12.416126251220703,12.43914656173413,12.339388467655818,12.354736317099091,2271700
2019-12-23,12.347064971923828,12.439149160518715,12.320206961612671,12.416128845195887,1415100
2019-12-24,12.316370964050293,12.377760919458161,12.3086985003198,12.354740600962705,470400
2019-12-26,12.354742050170898,12.385436299649266,12.320210104725133,12.354742050170898,608000
2019-12-27,12.33938980102539,12.412289898281154,12.316368024372792,12.400779741780674,1193300
2019-12-30,12.454497337341309,12.454497337341309,12.362413146349601,12.370087072874213,1271600
2019-12-31,12.469841957092285,12.504373885673369,12.39694186948842,12.416125948999811,1968200
2020-01-02,12.354022026062012,12.570217941695205,12.319276280205145,12.554775060711222,1638400
2020-01-03,12.315418243408203,12.384910486620935,12.253648178727166,12.315418243408203,1764200
2020-01-06,12.207319259643555,12.29070876144963,12.18415493641964,12.269089315526362,2367500
2020-01-07,12.153274536132812,12.207323907878743,12.060619417027914,12.199602463863977,2010800
2020-01-08,12.245925903320312,12.276810933559362,12.060615721886007,12.130107224013173,2140700
2020-01-09,12.106945037841797,12.230485173108379,12.09536287402657,12.199600139291734,1377700
2020-01-10,12.130108833312988,12.145550982302618,12.06833876463986,12.12238739063952,1528300
2020-01-13,12.160995483398438,12.176438370797161,12.083782519119614,12.130110444958389,1395000
2020-01-14,12.18415641784668,12.207320743887061,12.106944206783796,12.153271386150077,1426800
2020-01-15,12.215042114257812,12.292255065879688,12.18801780209734,12.2304849991251,1950400
2020-01-16,12.315418243408203,12.34630327574872,12.22662386747387,12.238206030735535,1831500
2020-01-17,12.330862045288086,12.39263137820808,12.284534125151453,12.323140602539095,1160100
2020-01-21,12.230484008789062,12.354024132294857,12.176435388844583,12.330860543226825,1343000
2020-01-22,12.191879272460938,12.299977264102338,12.176437123002067,12.230485750644105,1176300
2020-01-23,12.145550727844238,12.207321531580524,12.10694498800033,12.184157204045436,2363700
2020-01-24,11.960244178771973,12.1803002030669,11.929359135649133,12.153275882379102,2135900
2020-01-27,11.805815696716309,11.883028651338831,11.713160592983668,11.883028651338831,2076900
2020-01-28,11.92163372039795,11.967961637831916,11.813536473647474,11.844421506484363,1660100
2020-01-29,11.821259498596191,12.045176200731296,11.805816611931593,11.983406126787637,1634900
2020-01-30,11.798095703125,11.813538590489255,11.67455554964056,11.76721066475389,1757000
2020-01-31,11.597342491149902,11.798094858003111,11.589621048020877,11.767209821844359,2682800
2020-02-03,11.667299270629883,11.783894234866162,11.620660840159749,11.628434035453555,1315200
2020-02-04,11.752801895141602,11.85773780505271,11.713936660956819,11.713936660956819,1544900
2020-02-05,11.900489807128906,11.970446340111652,11.846078181974288,11.88494341671539,1828900
2020-02-06,11.861623764038086,11.97044552434591,11.822758531945585,11.947126681607468,1858600
2020-02-07,11.760575294494629,11.892716648242308,11.760575294494629,11.861624608613013,925700
2020-02-10,11.807211875915527,11.830531459419921,11.73725534928023,11.783893033703762,1133600
2020-02-11,11.814985275268555,11.88882914172754,11.74502800612769,11.807212080632317,1180000
2020-02-12,11.900489807128906,11.931581846663248,11.814986142439947,11.869397767594567,1287200
2020-02-13,11.807211875915527,11.908261180556684,11.776119839202297,11.853850301631688,1075700
2020-02-14,11.822759628295898,11.869398059390312,11.776121197201487,11.814986432898044,1488500
2020-02-18,11.853851318359375,11.892716552907617,11.760575200219211,11.814986083811135,1809400
2020-02-19,11.67507266998291,11.877170562105254,11.659526279123575,11.877170562105254,2368900
2020-02-20,11.752801895141602,11.84607801240947,11.671962445250912,11.698391012058517,1603100
2020-02-21,11.729483604431152,11.776121294618658,11.659526327857174,11.752802449524905,1660100
2020-02-24,11.255326271057129,11.62065821305498,11.169823366033178,11.58179298666499,2937900
2020-02-25,10.67235279083252,11.309740737027775,10.462481701461595,11.270875500835317,5274600
2020-02-26,10.415841102600098,10.843357129180584,10.415841102600098,10.633486083476479,3769500
2020-02-27,10.229291915893555,10.680126915861425,9.96500917633457,10.143788981862679,6113500
2020-02-28,10.159334182739258,10.353659630710814,9.965008734767702,10.003873972620564,5539600
2020-03-02,10.252608299255371,10.260381493560915,9.996098817513294,10.21374381031287,4188000
2020-03-03,9.947144508361816,10.511077328027667,9.857072117895607,10.330931800139627,3657900
2020-03-04,10.236944198608398,10.299603324392166,9.968293364875521,10.064631976180884,3442200
2020-03-05,9.837491989135742,10.16645201032822,9.649513873797044,10.16645201032822,3322100
2020-03-06,10.056798934936523,10.27610586506609,9.4772016746877,9.485033504832721,4575200
2020-03-09,8.960261344909668,9.69650704057854,8.952429516028076,9.398875881367246,5736300
2020-03-10,9.179574012756348,9.359718873912882,8.576478788280742,9.187405845926145,4322700
2020-03-11,8.271012306213379,9.007257361918395,8.192688030370958,8.968095223997183,5061500
2020-03-12,6.547886371612549,7.385953710326393,6.540054539011333,7.158814131861347,5578900
2020-03-13,7.166644096374512,7.166644096374512,6.109270781328079,6.947337154632065,4960200
2020-03-16,5.514006614685059,6.406900005009787,5.506174413091545,6.265916641549179,4033600
2020-03-17,4.965741157531738,5.780310635467319,4.299986934093905,5.670656778972915,5991100
2020-03-18,3.7908809185028076,4.715103788763191,3.6968918545193907,4.558455971253925,6588400
2020-03-19,4.229496479034424,4.307820411826586,3.508915550390592,3.8378764415956432,6115500
2020-03-20,4.198164939880371,4.871750819924802,4.190332363530233,4.37047751132765,8114700
2020-03-23,5.0127339363098145,5.083225252273877,3.924030905314245,4.065013910720147,8792300
2020-03-24,6.101438999176025,6.258086835126438,5.514009054145127,5.514009054145127,6852300
2020-03-25,7.252803325653076,7.7619090792626375,6.0701106246731396,6.312915378320683,7564400
2020-03-26,7.495605945587158,8.016460472946925,7.088321567442135,7.354623265091786,8239600
2020-03-27,7.088319301605225,7.323291356594597,6.743693421765993,7.049157167947734,4906400
2020-03-30,6.861181735992432,7.096153856504239,6.312913952768732,7.088321278197498,4491600
2020-03-31,7.182309150695801,7.197973558551336,6.696700555883114,6.822018806550169,4205400
2020-04-01,6.798520088195801,6.908173156098634,6.461726815167377,6.461726815167377,2992000
2020-04-02,6.0622758865356445,6.884677827799553,5.952622418859737,6.7045330319280545,4405200
2020-04-03,5.4121880531311035,6.0622771660655985,5.020568069582331,6.0622771660655985,6169800
2020-04-06,6.156264781951904,6.305080385128257,5.709817972422846,5.709817972422846,3362800
2020-04-07,6.0622758865356445,6.798521718507404,5.968287199956295,6.657538315160538,5504700
2020-04-08,6.430398941040039,6.4656447926359935,6.03877903171228,6.226756408920237,7335400
2020-04-09,7.158812999725342,7.460359795426934,6.6967013363191406,6.6967013363191406,4662000
2020-04-13,6.7436933517456055,7.244967014054457,6.6105425468659975,7.158810918467002,2514500
2020-04-14,6.806353569030762,7.064823391585356,6.692784185852179,6.884677848223752,1696700
2020-04-15,6.547886371612549,6.767194117476379,6.320746793147503,6.438233245636534,2239300
2020-04-16,6.281582832336426,6.524386724125744,6.109269886999894,6.461727607086204,2815000
2020-04-17,6.453896999359131,6.743695690803626,6.4225674312828565,6.6340425760145765,2402400
2020-04-20,6.367740631103516,6.5713831893128685,6.148433289453282,6.242421990098569,1947000
2020-04-21,6.328577518463135,6.438231359267024,6.05679321250105,6.070108444455671,1971700
2020-04-22,6.453896999359131,6.665372144090851,6.320746148296008,6.500891724951454,2324700
2020-04-23,6.399067401885986,6.673201552534189,6.320743145427795,6.5008886364994485,1521800
2020-04-24,6.5400519371032715,6.641872443013687,6.273750313754548,6.461727666604611,2269100
2020-04-27,6.782857418060303,6.908175682613397,6.399070046127509,6.579214864683637,2794300
2020-04-28,7.354621887207031,7.4799401339271885,7.017828538929855,7.049158100609894,3497300
2020-04-29,8.020378112792969,8.247517702514156,7.5739315132958644,7.652255818836661,3086400
2020-04-30,7.581761837005615,7.942052190754784,7.519102710001908,7.855895330907902,3362000
2020-05-01,7.064821243286133,7.429027014004036,6.923837882391811,7.2762955376721585,1977900
2020-05-04,6.829850196838379,7.056989673431525,6.6575372586435755,6.853347178015445,2549300
2020-05-05,6.524387836456299,7.1079014302163905,6.493058272595211,7.0256616051894305,2200300
2020-05-06,6.524387836456299,6.743694783483916,6.29724831172448,6.524387836456299,4876700
2020-05-07,6.798520088195801,6.966916724710013,6.453894239758458,6.453894239758458,3376100
2020-05-08,7.166644096374512,7.205806236996017,6.806353747176925,6.939504577116622,2852500
2020-05-11,6.688869476318359,7.089888416426664,6.688869476318359,7.064825059463084,2879000
2020-05-12,6.171929359436035,6.767191752544098,6.1640967826161726,6.688867478256749,3539600
2020-05-13,5.866466045379639,6.148432483848448,5.748980371705662,6.085773358294901,5592700
2020-05-14,6.453896999359131,6.571383439862027,5.592333130305759,5.725483981368881,3383900
2020-05-15,6.391237735748291,6.555718151607511,6.156265979862194,6.32074602224351,2262800
2020-05-18,7.143146991729736,7.299794804649221,6.751527085953178,6.782856648537075,3873800
2020-05-19,7.613091468811035,7.902890120542138,6.7750243304449445,7.127482856697642,5121900
2020-05-20,7.519105434417725,7.6992503030867825,7.397702678273638,7.652256314284413,3856800
2020-05-21,7.519105434417725,7.691417722634393,7.385954554551037,7.448613704258186,3194200
2020-05-22,7.166644096374512,7.503437459981476,6.947337154632065,7.46427531935997,2811400
2020-05-26,7.550429344177246,7.730574077683545,7.385949012866727,7.566093746373026,3053600
2020-05-27,8.325839042663574,8.36108489290792,7.8245653090428355,7.848063040509513,4110200
2020-05-28,8.137861251831055,8.443324275544757,8.012542264689737,8.411994715498336,2758800
2020-05-29,7.996880054473877,8.083036181525262,7.746243505265601,7.965550485822842,5283400
2020-06-01,8.411993980407715,8.52948038053185,7.973380178086523,8.00470973539518,2376500
2020-06-02,8.654799461364746,8.772285126093443,8.474653928897684,8.560810780190659,2812100
2020-06-03,8.975932121276855,9.159993287056695,8.795786498913683,8.842781236429818,2353300
2020-06-04,9.359716415405273,9.39887855879139,8.764453927412438,8.999426040773374,2532900
2020-06-05,9.9236478805542,10.370094307499562,9.64168183410802,9.790497060771258,5385000
2020-06-08,10.70688533782959,10.746047467023443,10.260439007103942,10.27610341060819,4227800
2020-06-09,10.236944198608398,10.37009502763783,9.986307695473322,10.182117650286525,4838900
2020-06-10,9.594685554504395,10.166450131050494,9.14432291256162,10.056797059907694,3175700
2020-06-11,8.208352088928223,8.936765283692974,8.106531580393186,8.498151449070043,2671400
2020-06-12,8.80361270904541,9.022920329480408,8.56864068541104,8.75661875249182,2462400
2020-06-15,8.834943771362305,8.936765023892924,8.18485486801386,8.357167814369953,3375900
2020-06-16,9.007258415222168,9.385563113294706,8.84277801428336,9.367548781709285,2181000
2020-06-17,8.466822624206543,9.069916885888611,8.435493061871835,9.069916885888611,2291900
2020-06-18,8.239684104919434,8.529482778227786,8.169192394420364,8.325840224998423,1718500
2020-06-19,7.848062992095947,8.396330691356518,7.7619061378276255,8.310173837088195,6768100
2020-06-22,7.824567794799805,7.91855650965842,7.573931221843498,7.832400374443667,2057600
2020-06-23,7.973381996154785,8.004711560607122,7.79323644033705,7.934219853850431,2147500
2020-06-24,7.699249744415283,7.895059759780791,7.225389865769602,7.824568034736259,4052500
2020-06-25,7.542602062225342,7.769741655613074,7.28648281891945,7.526936902081937,2746800
2020-06-26,7.291963577270508,7.542600098669499,7.252801434062977,7.464275812254438,2632200
2020-06-29,7.722745418548584,7.746243154188768,7.276298898766325,7.362455021912925,1630100
2020-06-30,7.566096305847168,7.769738831968873,7.495604604731526,7.652253161413253,2495200
2020-07-01,7.6444196701049805,7.942050846473006,7.573927977418397,7.605257535617369,2878900
2020-07-02,7.378119468688965,7.957716780142525,7.362454313103648,7.879393243083134,1722200
2020-07-06,7.4877729415893555,7.777571582789784,7.276297833522297,7.6052586147672585,1628800
2020-07-07,7.088319301605225,7.360886377463108,7.049157167947734,7.331123185761637,1788300
2020-07-08,7.135316848754883,7.221473735472165,6.876847682514929,6.994334142505056,2464400
2020-07-09,7.056989669799805,7.105549997946676,6.845514598448345,7.1039836321297525,1570800
2020-07-10,7.119648456573486,7.127481032253221,6.9669169655963055,7.041324193687197,1318000
2020-07-13,7.017829895019531,7.311544872634261,6.9614362249248325,7.182310312362013,1939700
2020-07-14,6.869012355804443,7.078920315276815,6.798520665053934,7.025660142496927,1487800
2020-07-15,7.276299476623535,7.378120764949868,7.049159909420444,7.080489479139635,3583000
2020-07-16,7.1039838790893555,7.205805130284663,7.002162627894049,7.166642995677916,1334800
2020-07-17,6.955167770385742,7.135312520695388,6.9316707914226345,7.096151138075373,1619100
2020-07-20,6.775025367736816,6.916008799823198,6.751528378041031,6.900344389011285,2821500
2020-07-21,7.049159049987793,7.0765723267803775,6.853349076377021,6.900343798704145,3331900
2020-07-22,7.041324138641357,7.072653694159847,6.869011956767427,6.970832451985875,2013900
2020-07-23,7.049159049987793,7.0765723267803775,6.778941077257311,6.970834761761175,2395900
2020-07-24,6.908174991607666,7.096153116590148,6.806353725104234,6.939504554612129,3193900
2020-07-27,6.775025367736816,6.91209251038126,6.743695799157157,6.876846652359665,2360700
2020-07-28,7.041324138641357,7.11181582529684,6.681033876700965,6.720196007837958,1745600
2020-07-29,7.143146991729736,7.150979569114634,6.919923764950009,7.0961530213317365,1497900
2020-07-30,6.98649787902832,7.049156992538888,6.837681924224056,6.98649787902832,1237800
2020-07-31,6.908174991607666,6.959085998337232,6.739778310350286,6.955169709592212,1669700
2020-08-03,6.782857418060303,6.815753350462123,6.614460719958667,6.814186984198576,1474900
2020-08-04,7.150979518890381,7.190141658584123,6.728030053500473,6.735862630830359,2293100
2020-08-05,7.135316848754883,7.291965462075053,7.025663715777901,7.244970728687813,1293600
2020-08-06,7.166644096374512,7.252800955132965,7.080487984571762,7.119650125193268,2069900
2020-08-07,7.526937007904053,7.581764322220845,7.158814702829944,7.166646536055807,2621700
2020-08-10,7.93421745300293,7.973379583457054,7.558262046381053,7.558262046381053,2271100
2020-08-11,7.926385879516602,8.21618448638252,7.898972608819983,8.114363233112504,1794900
2020-08-12,7.965549945831299,8.051706067042087,7.848064258093335,8.01254392214417,1679500
2020-08-13,7.73057746887207,8.016459843691338,7.691415325770146,7.832398742154773,1648800
2020-08-14,7.683582305908203,7.777570986637413,7.4877723676501065,7.613090608622387,1561400
2020-08-17,7.542602062225342,7.707082508951351,7.519105068966184,7.707082508951351,1417600
2020-08-18,7.409448146820068,7.538682677121061,7.382034874779803,7.519101981936769,1462000
2020-08-19,7.3937811851501465,7.4956024185131245,7.315457676609327,7.4956024185131245,1898700
2020-08-20,7.519105434417725,7.589596417621279,7.3076302439391085,7.354624979697463,1002300
2020-08-21,7.354621887207031,7.584110571709376,7.299794594050209,7.503437118448301,1350500
2020-08-24,7.652252674102783,7.652252674102783,7.264548342656525,7.378118464322841,1848100
2020-08-25,7.824567794799805,7.902892097326605,7.683585095989836,7.69141692867779,1979900
2020-08-26,7.8010663986206055,7.973379318724299,7.714910312046502,7.855892931262718,2064900
2020-08-27,8.153522491455078,8.200517186749249,7.832394438970156,7.832394438970156,1683100
2020-08-28,8.372833251953125,8.372833251953125,8.10653234362335,8.216185439125113,2175600
2020-08-31,7.965549945831299,8.325840334371716,7.9107233911476875,8.325840334371716,2698100
2020-09-01,8.043869972229004,8.145690449258773,7.8088979743367455,7.832394950039355,1392900
2020-09-02,8.263179779052734,8.271012356075325,7.981212981884698,8.020375120041999,2531700
2020-09-03,8.396329879760742,8.615636788875461,8.192687376390706,8.263179069630764,2681100
2020-09-04,8.693961143493652,8.717458125818277,8.380664809024385,8.474653485278484,2482000
2020-09-08,8.10653305053711,8.566294776083868,8.075203485239475,8.49815299023541,3112200
2020-09-09,8.090868949890137,8.20052281621443,8.020377232035651,8.20052281621443,2414700
2020-09-10,7.98121452331543,8.220102939951952,7.973382691735916,8.145694937778055,1831300
2020-09-11,7.918552398681641,7.9812115093907625,7.786968714365796,7.9812115093907625,1600600
2020-09-14,8.333673477172852,8.423745893669514,8.012544464824856,8.059539191276414,4071000
2020-09-15,8.72529411315918,8.82711540564426,8.380668085216463,8.380668085216463,3228900
2020-09-16,8.717458724975586,8.889771683429098,8.498151798642894,8.717458724975586,3206000
2020-09-17,8.458992958068848,8.686132549905102,8.349339078681849,8.54514909740124,1831500
2020-09-18,8.028207778930664,8.400246974785325,7.996878217476477,8.388498109131632,4329800
2020-09-21,7.346789836883545,7.824565873504198,7.338957259162947,7.808901465018724,2122500
2020-09-22,7.331121444702148,7.511266917961838,7.252797942943696,7.432942669247991,1995900
2020-09-23,7.135316848754883,7.667920341349188,7.135316848754883,7.362456441721993,1783600
2020-09-24,7.0334954261779785,7.205808449650552,6.970836280725395,7.111819731471676,2095400
2020-09-25,7.425112724304199,7.491688135199477,6.970833713591359,6.978666290627429,2400500
2020-09-28,7.746242046356201,7.824565579754595,7.581761655177169,7.613091217927666,1048000
2020-09-29,7.683582305908203,7.738408849594666,7.526933757737217,7.738408849594666,1519900
2020-09-30,7.526937007904053,7.949886627294954,7.397702422727832,7.730579610895661,4475100
2020-10-01,7.957716464996338,7.996878605452977,7.566096554341356,7.566096554341356,2234900
2020-10-02,8.10653305053711,8.122197459708048,7.61309183688256,7.6365888241168465,1383200
2020-10-05,8.169191360473633,8.365001310652152,8.051704942193112,8.341503578822639,1408200
2020-10-06,8.161359786987305,8.384583038132806,8.126113931863722,8.231851497234468,1651100
2020-10-07,8.435491561889648,8.482485523557497,8.177805341269474,8.224016493517672,1970900
2020-10-08,8.599973678588867,8.607806256799169,8.400248162916544,8.521650137353152,1533000
2020-10-09,8.45115852355957,8.66263365591004,8.4119963790181,8.63130408966802,1196300
2020-10-12,8.49031925201416,8.521648813030772,8.31722348341905,8.419827552987869,1305800
2020-10-13,8.00471019744873,8.458989178124245,7.996877620930557,8.458989178124245,2832800
2020-10-14,7.98121452331543,8.098700960477762,7.918555388944507,7.996879680386062,1391200
2020-10-15,8.020378112792969,8.051707685618101,7.6992498045963895,7.879395408557847,938200
2020-10-16,7.8872270584106445,8.020377926564755,7.785405762354211,8.020377926564755,992600
2020-10-19,7.777571201324463,7.99296184057162,7.769738624308581,7.9420515838797,972500
2020-10-20,8.012540817260742,8.141776069431558,7.836312353942851,7.887222599713221,1479400
2020-10-21,8.145692825317383,8.161357978325498,7.902888929336477,8.012542012570844,1663900
2020-10-22,8.458992958068848,8.466825538087049,8.145696479944258,8.169194219998863,1191100
2020-10-23,8.521649360656738,8.611721760998357,8.47073835388577,8.498152375123208,1522800
2020-10-26,8.184855461120605,8.419827541913987,7.981212941302632,8.380665403955815,2005300
2020-10-27,7.808900356292725,8.177022493425325,7.8089003562927255,8.137861104294005,986500
2020-10-28,7.660083770751953,7.75798872959525,7.4838552930073545,7.613089808802283,2288400
2020-10-29,7.918552398681641,7.9812115093907625,7.566094714203948,7.605256845136029,1232000
2020-10-30,7.754075527191162,8.067371968333301,7.570014400226202,7.949885522796555,4237700
2020-11-02,7.98121452331543,8.012544090500892,7.609176006357548,7.848064422994069,2555700
2020-11-03,8.435491561889648,8.458988542723572,8.06345242173401,8.11436267136677,2048800
2020-11-04,8.341506004333496,8.392417024478803,8.004713300025026,8.36500374299559,2407700
2020-11-05,8.5764741897583,8.654798455108097,8.294508179019031,8.341502140664467,2252800
2020-11-06,8.42765998840332,8.748788170167828,8.37283269732856,8.67046389546425,2323500
2020-11-09,9.445871353149414,10.448417985738649,8.936765086906581,9.007256781229096,7803600
2020-11-10,9.680845260620117,9.7748339625342,9.430208722182565,9.43804130074769,4546000
2020-11-11,9.430205345153809,9.71217134992187,9.312719696572668,9.673009965031847,3235300
2020-11-12,8.991593360900879,9.250063205540506,8.925018688940735,9.250063205540506,3920600
2020-11-13,9.688676834106445,9.759168539968327,9.140409089672303,9.163906075974355,2878200
2020-11-16,10.127290725708008,10.349730389889432,9.923648200998787,10.095961163980101,2800500
2020-11-17,10.18211841583252,10.291772267676327,9.813995463958657,9.90798415970088,2211400
2020-11-18,10.080294609069824,10.260440124192394,10.048965051694886,10.189948433359891,2112600
2020-11-19,10.10379409790039,10.174285806227378,9.900152297901686,10.009805402449661,2099300
2020-11-20,10.001972198486328,10.080295727133201,9.884485785082543,10.064631320186086,1972000
2020-11-23,10.001972198486328,10.24477610833398,9.962810060685067,10.080295727133201,2598600
2020-11-24,10.315268516540527,10.409257205555356,10.166452532050272,10.213447250035538,3531600
2020-11-25,10.511079788208008,10.518912366678927,10.111627249660652,10.252610674314024,2443900
2020-11-27,10.471915245056152,10.60506606075108,10.417088702224932,10.440585685301794,1015200
2020-11-30,10.385759353637695,10.54632344401288,10.299602502344719,10.44841847442042,4263100
2020-12-01,10.699054718017578,10.816541127071593,10.534574342906454,10.5659039025964,3700600
2020-12-02,10.229110717773438,10.522825602606314,10.182116007539722,10.464082028075275,3226800
2020-12-03,10.18211841583252,10.440587515862576,10.127291863388495,10.221280559130719,2021500
2020-12-04,10.401421546936035,10.534572337003784,10.18211467086494,10.338762439487152,3153900
2020-12-07,9.939311027526855,10.448417258326014,9.939311027526855,10.448417258326014,2301500
2020-12-08,10.088129997253418,10.166453539045936,9.829660890122133,9.845325299698326,1977300
2020-12-09,10.283939361572266,10.401425040763366,10.08812939828328,10.174285513226371,3815400
2020-12-10,10.236944198608398,10.315268479315959,10.041134243795195,10.135122932470848,2010500
2020-12-11,10.229110717773438,10.28393725724979,10.107708027567831,10.189948583737937,1728000
2020-12-14,9.970643997192383,10.401426110106886,9.970643997192383,10.338766975169046,1741700
2020-12-15,10.503244400024414,10.503244400024414,9.98630631052205,10.056798003991572,1471900
2020-12-16,10.471915245056152,10.652060773860429,10.39359171914807,10.495412228133015,1805700
2020-12-17,10.236944198608398,10.464083716313485,10.162536953587484,10.464083716313485,1617200
2020-12-18,10.119460105895996,10.244778377047332,10.06463354900624,10.182119241471664,2622300
2020-12-21,10.127290725708008,10.17428469482203,9.727838253460462,9.892318639270883,2767700
2020-12-22,9.986309051513672,10.142956887244294,9.90798476017046,10.127292477149133,945900
2020-12-23,10.18211841583252,10.299604098771363,10.048967576792096,10.088129720090295,1134600
2020-12-24,10.323099136352539,10.330930965401766,10.15078619902502,10.236942294211,1219600
2020-12-28,10.370095252990723,10.511078662545767,10.283939139904703,10.362262675358616,1474100
2020-12-29,10.24477767944336,10.401425507715812,10.182118548134378,10.377928520213885,1472700
2020-12-30,10.174285888671875,10.377928437276493,10.111626757863647,10.189951044851812,1065800
2020-12-31,10.11162281036377,10.244773598089148,9.954975044497285,10.135119788504875,1391800
2021-01-04,9.82966136932373,10.21344875959752,9.790499223040406,10.127292635338856,2547200
2021-01-05,9.876653671264648,9.986307512858911,9.774832406989052,9.790497561626383,957600
2021-01-06,10.51891040802002,10.605066514290174,10.02546926056953,10.064631398676202,2484800
2021-01-07,9.99413776397705,10.530656487180773,9.978472612985884,10.471913664874924,2984400
2021-01-08,9.99413776397705,10.095959004553091,9.876651372409844,10.033299894499452,2741700
2021-01-11,9.704343795776367,9.962812934072184,9.626019497584236,9.868824224415148,2002500
2021-01-12,9.90014934539795,9.90406563324325,9.657344727677934,9.712171263601102,2527400
2021-01-13,10.10379409790039,10.158621397130132,9.864906443738192,9.900152297901686,1727800
2021-01-14,10.15079116821289,10.323104189894009,10.095964603250868,10.174288160774339,1284700
2021-01-15,10.056798934936523,10.111625480729998,9.806162443359879,10.064631512037211,1265600
2021-01-19,10.29177188873291,10.299603719539578,10.001973234125842,10.127291490501252,1870600
2021-01-20,10.45625114440918,10.561987944824734,10.221279065902838,10.276105610337249,1619100
2021-01-21,10.229110717773438,10.432752470237991,10.209529277277898,10.424920640995355,1031100
2021-01-22,10.346596717834473,10.362261123797508,10.009803399639779,10.095960246781084,1873300
2021-01-25,10.119460105895996,10.370096648198668,10.06463354900624,10.268275366149254,2312600
2021-01-26,9.9236478805542,10.299602609149105,9.90015089675593,10.229111657754295,1471200
2021-01-27,9.751334190368652,10.005886945429095,9.641681109579558,9.80616147771879,1439600
2021-01-28,10.16645336151123,10.35834779089796,9.790498574778503,9.853157705900625,1875600
2021-01-29,9.774833679199219,10.213448355706982,9.696510136685685,10.182118789310412,2240500
2021-02-01,10.009804725646973,10.01763730314388,9.680843940333888,9.821827347455411,1539800
2021-02-02,10.229110717773438,10.291769833448004,10.001971236714235,10.103791739468724,1475700
2021-02-03,10.229110717773438,10.323099391285288,10.07246218163144,10.174283431341506,1434300
2021-02-04,10.2604398727417,10.389674387115639,10.174283031855373,10.229110316134548,1242300
2021-02-05,10.252608299255371,10.401423520950212,10.197781756571317,10.330931824953215,1024800
2021-02-08,10.495413780212402,10.518911513719774,10.260442420784573,10.307436393887844,1127800
2021-02-09,10.323099136352539,10.526740883788085,10.283937003284164,10.48757949767527,1313200
2021-02-10,10.628565788269043,10.84395722078344,10.346599677672314,10.346599677672314,1599400
2021-02-11,10.722556114196777,10.746053853852068,10.53457867869003,10.581573411044682,1109200
2021-02-12,10.699054718017578,10.855702516467309,10.689655775415032,10.699054718017578,2131400
2021-02-16,11.247322082519531,11.255154658969532,10.738216564559062,10.746049141009065,2866000
2021-02-17,11.028013229370117,11.161164017759475,10.824370759250456,11.10633748617167,1745200
2021-02-18,11.051512718200684,11.114171839094011,10.934027053264604,10.965356613711268,1712200
2021-02-19,11.26298999786377,11.443134818663843,11.106342165221141,11.14550356316496,2916300
2021-02-22,11.63893985748291,11.850414902032602,11.239488240481496,11.239488240481496,4214100
2021-02-23,11.740768432617188,11.8504223109719,11.317818826043206,11.560623575630093,3210900
2021-02-24,11.709434509277344,11.866082315186125,11.631110979800782,11.638942809879477,2874500
2021-02-25,11.231657981872559,11.779925650030371,11.161166285817652,11.73293093700856,2521400
2021-02-26,11.161165237426758,11.411801691451968,11.114170528819255,11.200327370107086,3099000
2021-03-01,11.082841873168945,11.537120856503075,11.035847907696098,11.474461737902203,2853300
2021-03-02,10.94186019897461,11.15333455624508,10.81654195067275,11.122004994169615,2490900
2021-03-03,11.466630935668945,11.779926556743638,11.0123519116328,11.020183741942908,4236900
2021-03-04,10.94186019897461,11.466630923955409,10.71863697581746,11.466630923955409,3398500
2021-03-05,11.067180633544922,11.161169338338334,10.550242383703237,11.059348054739848,2631400
2021-03-08,11.3648099899292,11.470547545107532,11.039765493865053,11.215994005539907,1529600
2021-03-09,11.435300827026367,11.544953915683944,11.176831765254015,11.403971266416253,2325400
2021-03-10,11.552787780761719,11.717268179044014,11.427469524347728,11.505793061128609,1771100
2021-03-11,11.466630935668945,11.705518566630017,11.341311940283388,11.529290059883884,1287100
2021-03-12,11.725098609924316,11.725098609924316,11.411802279298676,11.497959125024634,2101700
2021-03-15,12.281201362609863,12.30469834948952,11.732932857742409,11.740765435687543,2814100
2021-03-16,12.069721221923828,12.257698532722324,11.905240888236285,12.257698532722324,2005800
2021-03-17,12.44568157196045,12.44568157196045,12.101055617268461,12.101055617268461,1844700
2021-03-18,12.171545028686523,12.578829288303957,12.108885911822304,12.461343630922443,1491100
2021-03-19,11.826922416687012,12.203660754904652,11.795592851550925,12.140218068047881,2024600
2021-03-22,11.77209186553955,11.858248706080495,11.525371701616729,11.779924441398828,1204000
2021-03-23,11.270820617675781,11.713350761361092,11.176831934422857,11.685937488781779,1883700
2021-03-24,11.474462509155273,11.811255854489149,11.388306402027016,11.450965524839505,1678300
2021-03-25,11.701605796813965,11.736851658153192,11.149421631773947,11.37264566924102,1683900
2021-03-26,11.732932090759277,11.913077636942496,11.591949431741645,11.772094230969168,1320900
2021-03-29,11.474462509155273,11.756429308767137,11.337396144850242,11.631111063142159,1595000
2021-03-30,11.70959758758545,11.83500220920762,11.51365384735,11.56068067389157,1082300
2021-03-31,11.419599533081055,11.67040799792115,11.419599533081055,11.67040799792115,2133700
2021-04-01,11.646891593933105,11.654729520204452,11.403921859247701,11.568514573617016,1150700
2021-04-05,11.678243637084961,11.819323333219863,11.48229994688242,11.803648226685906,1302400
2021-04-06,11.70175552368164,11.737025442005502,11.572432738982728,11.67040456822329,1454600
2021-04-07,11.835000991821289,11.92121595956876,11.584192521841967,11.756623204802882,1904200
2021-04-08,11.968242645263672,11.999593610221561,11.639057139472838,11.73311003434651,3049900
2021-04-09,11.827160835266113,11.968240526331979,11.717432103607571,11.968240526331979,2024600
2021-04-12,11.772294998168945,11.842834085180879,11.546567826826752,11.787970101683024,2382300
2021-04-13,11.65473461151123,11.72919344868437,11.447033959382413,11.646896681815928,1627100
2021-04-14,11.79581069946289,12.062294246764388,11.654730998546595,11.70959499447365,1912900
2021-04-15,11.772294998168945,11.858509936160674,11.61553947823385,11.858509936160674,1405800
2021-04-16,11.811485290527344,11.983915945507073,11.795810184146925,11.858512104600308,1341400
2021-04-19,11.764460563659668,11.780135671825173,11.584191961227774,11.764460563659668,1396400
2021-04-20,11.646891593933105,11.701756330366738,11.435272816867295,11.615540636313511,2007300
2021-04-21,11.936890602111816,11.983917421978692,11.403924212594244,11.592029997129858,1744400
2021-04-22,11.772294998168945,11.991751679626075,11.693917238201397,11.991751679626075,1485800
2021-04-23,11.968242645263672,11.976079825903671,11.662570176324765,11.787974036156328,1384900
2021-04-26,12.093646049499512,12.281751832160474,12.046619230101303,12.07013226606744,2225900
2021-04-27,12.093646049499512,12.148510049242475,11.866351375251032,12.046619230101303,2185200
2021-04-28,12.281750679016113,12.344452600682628,12.093644914016567,12.093644914016567,1747500
2021-04-29,12.407154083251953,12.485531856294191,12.238642394437232,12.3444521638045,2909000
2021-04-30,12.430668830871582,12.438506758750142,12.11324022644934,12.28175193850866,2428400
2021-05-03,12.367964744567871,12.595259381121641,12.273911868835189,12.493368578878115,2697400
2021-05-04,12.195536613464355,12.485533209198673,12.062294833334274,12.328777646128517,1807900
2021-05-05,12.2190523147583,12.305267295283597,12.0701346468456,12.211214385401615,1944700
2021-05-06,12.226885795593262,12.352289629810084,12.04661722330722,12.258236754147466,1839000
2021-05-07,12.391478538513184,12.509044446449328,12.054455172813046,12.164183901695043,2342700
2021-05-10,12.109317779541016,12.603095881877131,12.109317779541016,12.430665255474267,1655300
2021-05-11,11.960405349731445,11.99959424486796,11.709596869337348,11.8350014832674,1490100
2021-05-12,11.615541458129883,12.077968676335631,11.53324546885556,11.913375950321143,1300200
2021-05-13,11.803648948669434,12.132833680676065,11.670407171384555,11.748784203780074,4295000
2021-05-14,12.187698364257812,12.281751251138866,11.897701776174756,11.936889918442436,1507700
2021-05-17,12.140673637390137,12.2190514303519,11.99175672772202,12.117160598488018,1953100
2021-05-18,12.140673637390137,12.360131158696662,12.046620734315637,12.117160598488018,1569300
2021-05-19,11.97607707977295,12.027022853313815,11.803647185775942,11.991752932390384,1471000
2021-05-20,11.968242645263672,11.983917754009635,11.701759069388618,11.976079825903671,2287000
2021-05-21,11.929052352905273,12.034861380060379,11.827161541877572,11.999592202652595,1618000
2021-05-24,12.109317779541016,12.117155705165175,11.858510139293742,11.991751885041538,1277500
2021-05-25,12.015268325805664,12.344453820824937,11.983917361873635,12.070132325820229,1780100
2021-05-26,12.30526351928711,12.375803366919241,11.905538214348939,12.015266949272904,1677000
2021-05-27,12.548235893249512,12.599181678563792,12.344454246924325,12.43850714196688,2589600
2021-05-28,12.438506126403809,12.650124936105087,12.285670277871446,12.587423011196123,1710300
2021-06-01,12.814719200134277,12.89309698475459,12.5090467370742,12.642287774983211,2186900
2021-06-02,12.744180679321289,12.893098336216324,12.697154601592562,12.893098336216324,1879800
2021-06-03,12.532556533813477,12.681474136603743,12.447124935103876,12.681474136603743,1065200
2021-06-04,12.59526252746582,12.681478245690483,12.520020357577058,12.603100455934607,2159300
2021-06-07,12.791207313537598,12.885260968018958,12.6658034375172,12.689317224870571,2176800
2021-06-08,12.838231086730957,12.947960579733342,12.65796323420598,12.767692727208367,1981100
2021-06-09,12.767691612243652,12.932283594976122,12.752015758193401,12.900931886875618,1576600
2021-06-10,12.673640251159668,12.81471997299846,12.587424533384407,12.81471997299846,1427300
2021-06-11,12.83039379119873,12.83823022344952,12.563910246719292,12.634450096430424,2160200
2021-06-14,12.744180679321289,12.987150491673777,12.657964957708575,12.900934770061063,1668000
2021-06-15,12.689312934875488,12.814716768499435,12.66579915547164,12.814716768499435,2778900
2021-06-16,12.783364295959473,12.951875967585028,12.69715009984587,12.752014086899488,1847400
2021-06-17,12.462019920349121,12.83039505968967,12.391480811129941,12.775529563987533,1233400
2021-06-18,12.313101768493652,12.45418146745021,12.203373030697897,12.3914795451286,2604400
2021-06-21,12.524725914001465,12.567833784292223,12.301350126978797,12.344457997269556,1083700
2021-06-22,12.375807762145996,12.505130612911529,12.297429959726713,12.4933737183088,1247200
2021-06-23,12.328777313232422,12.509045906909204,12.305264278393155,12.399317165216123,1503000
2021-06-24,12.226885795593262,12.34445170330508,12.05053618655972,12.32877585029507,2052500
2021-06-25,12.187698364257812,12.352291103166133,12.101482657350754,12.25823821628508,25727200
2021-06-28,11.905539512634277,12.17202307831945,11.619461874899404,12.156347970172876,3958900
2021-06-29,11.764366149902344,11.983967441938876,11.756523059625762,11.88985260249465,1615500
2021-06-30,11.968280792236328,12.062395622109602,11.654563944700572,11.693778644137314,1978600
2021-07-01,12.05455493927002,12.195727586243523,12.023183323049054,12.10161273758063,2527000
2021-07-02,12.085922241210938,12.172194715990877,12.023179031166288,12.078079152965842,1163900
2021-07-06,11.701624870300293,12.070241947082385,11.521237503720739,12.02318414555256,2918600
2021-07-07,11.583978652954102,11.776129861913665,11.485942276058925,11.599664084319066,1700300
2021-07-08,11.560450553894043,11.850638169115948,11.08987634594971,11.293791462079785,2074900
2021-07-09,11.795740127563477,11.882011894024714,11.576138791506796,11.748682324429272,1911600
2021-07-12,11.88200855255127,11.97612413235238,11.583978625694474,11.678093457537388,1663600
2021-07-13,11.458494186401367,11.82318971482795,11.450651842833535,11.787896550918386,1421300
2021-07-14,11.693778991699219,11.760443758335633,11.482020805180033,11.540842482104352,1264200
2021-07-15,11.693778991699219,11.795736914081864,11.489863146933928,11.536920937248304,1330700
2021-07-16,11.387907028198242,11.850638144735276,11.360456211661143,11.819266530936863,1169500
2021-07-19,11.05066204071045,11.231048639947282,10.846746169257969,11.097719089225144,1861200
2021-07-20,11.411433219909668,11.576134345688253,10.948701449962304,11.089874057189126,2338000
2021-07-21,11.78005313873291,11.858481803005281,11.47417932858323,11.52907946836972,1367200
2021-07-22,11.631038665771484,11.702408855229718,11.446730499398075,11.654567192807617,1285800
2021-07-23,11.450651168823242,11.795738948121683,11.395750279329741,11.732995715521966,964200
2021-07-26,11.678092956542969,11.725149996466564,11.3800622945136,11.505548731587405,980500
2021-07-27,11.61535358428955,11.78789711842265,11.552609597017575,11.591824308578156,1147600
2021-07-28,11.71730899810791,11.81142459066631,11.442807555013857,11.73299517952041,1343800
2021-07-29,11.86632251739502,11.995730498088763,11.7643646010972,11.858479428150996,1438300
2021-07-30,11.725153923034668,11.991813065095503,11.646725247578102,11.842798058157138,2158300
2021-08-02,11.583978652954102,12.093767513625744,11.552606294307775,11.78789374844784,1647000
2021-08-03,11.48202133178711,11.638879393432104,11.183990640682502,11.607507781103106,1865500
2021-08-04,11.183992385864258,11.513394740698738,11.133013040400776,11.356535906618811,1311700
2021-08-05,11.654565811157227,11.654565811157227,11.207520110676112,11.231048634922935,1413700
2021-08-06,11.71730899810791,11.952596483587312,11.380064325280456,11.607508720053607,1932900
2021-08-09,11.3173246383667,11.50555438649108,11.13693723544527,11.50555438649108,1270600
2021-08-10,11.59182357788086,11.599666669290265,11.191835639459955,11.223207257139208,1285400
2021-08-11,11.772211074829102,11.803582692866314,11.458494146498605,11.670253129218569,1349900
2021-08-12,11.740839004516602,11.921225614292206,11.615352537201685,11.842796946199556,1353900
2021-08-13,11.607507705688477,11.701622542064003,11.544764481438126,11.6859363620223,941900
2021-08-16,11.48986530303955,11.627116406923983,11.333007219153773,11.52908001100058,861200
2021-08-17,11.3173246383667,11.431046497374062,11.144780328606751,11.411439512428888,1437000
2021-08-18,11.333006858825684,11.41927936318862,11.191834961796156,11.317321424914988,1473000
2021-08-19,11.3173246383667,11.333010076731131,11.066350892908995,11.238895202668942,2110100
2021-08-20,11.372221946716309,11.434965180378766,11.105562829671696,11.22320695375756,1205100
2021-08-23,11.356534004211426,11.583979125934826,11.340848572206015,11.474178110064036,1275900
2021-08-24,11.450651168823242,11.576137634022675,11.372221754094431,11.450651168823242,2622700
2021-08-25,11.529077529907227,11.732993369054585,11.380062569273807,11.458491220359434,2278900
2021-08-26,11.380064010620117,11.713387876836293,11.35261394186554,11.57613678510513,1044900
2021-08-27,11.78005313873291,11.850638712190552,11.387907573496127,11.442807713282619,1533400
2021-08-30,11.568294525146484,11.811425112064788,11.466336585339347,11.787895838907373,1395000
2021-08-31,11.59182357788086,11.654566813239368,11.42320085237048,11.482023289982651,1669800
2021-09-01,11.905540466308594,11.94475442731925,11.678096051838327,11.84279723114151,1574900
2021-09-02,11.976129531860352,12.129066109062663,11.852995362413754,11.944757159143434,2244600
2021-09-03,11.86632251739502,12.070238349990662,11.803579299359154,11.976123522936865,1465300
2021-09-07,11.787894248962402,11.936909967026878,11.678093980870926,11.827108950977172,1268100
2021-09-08,11.701624870300293,11.874169145298477,11.623195450403378,11.74083958024875,1601000
2021-09-09,11.552608489990234,11.717309664395476,11.521236873339634,11.697702684473228,1698600
2021-09-10,11.364377975463867,11.678094867440326,11.35653488487384,11.631037071858456,1269800
2021-09-13,11.944754600524902,12.02710556534981,11.442808711909741,11.544766657524288,1656800
2021-09-14,11.850637435913086,12.078081809337021,11.776130325072266,12.078081809337021,1484800
2021-09-15,11.983968734741211,12.007498008109243,11.772210510137283,11.850639177489045,1630700
2021-09-16,12.038866996765137,12.148667256681772,11.897694379205834,11.944751419753487,1589600
2021-09-17,12.038866996765137,12.258468264556583,12.015337728533138,12.125138736407948,4391200
2021-09-20,11.983968734741211,12.007498008109243,11.677311052244566,11.75652432789193,1778300
2021-09-21,12.321212768554688,12.454542310604472,12.038868251956572,12.109453820137412,3653600
2021-09-22,12.619247436523438,12.736890835135414,12.41925306051629,12.446703136995184,2922900
2021-09-23,12.697673797607422,12.81531716777633,12.517286448995682,12.705516888407564,2747300
2021-09-24,12.70551586151123,12.823159222171864,12.627086455765312,12.658457320513785,1660000
2021-09-27,12.67414379119873,13.011389196490608,12.67414379119873,12.807473335246298,2082800
2021-09-28,12.595715522766113,12.909431685391567,12.525129947144134,12.674144937401643,2706900
2021-09-29,12.611412048339844,12.729128727387968,12.442684259526311,12.642803961072028,1272300
2021-09-30,12.344584465026855,12.674192002726201,12.321041283312404,12.611409685871493,1982000
2021-10-01,12.791912078857422,12.870390370114302,12.470153180292685,12.478000410678812,2332700
2021-10-04,12.50153923034668,12.87823307798372,12.407365768437419,12.83899469683964,1475400
2021-10-05,12.470152854919434,12.525087208311222,12.313196276501012,12.485848063706616,1284900
2021-10-06,12.587869644165039,12.587869644165039,12.089533506155867,12.289652459810172,1529500
2021-10-07,12.68204116821289,12.823301768589426,12.603562890576077,12.634954800370261,1770000
2021-10-08,12.697736740112305,12.854691793803102,12.595714533207117,12.627106442054437,1103400
2021-10-11,12.80760669708252,12.913552154672388,12.674194064952545,12.721280436042903,1736100
2021-10-12,12.60356330871582,12.80368299817136,12.580020872437776,12.74482391377886,1107800
2021-10-13,12.391674995422363,12.627109122789827,12.258262348194949,12.580022746371009,1602400
2021-10-14,12.454452514648438,12.623179504747103,12.415213383853144,12.56432193119042,1765100
2021-10-15,12.62710952758789,12.831152494409169,12.513316075482933,12.689891863775287,1768200
2021-10-18,12.532934188842773,12.67419405037576,12.266108924889705,12.31319529592591,1677600
2021-10-19,12.391674995422363,12.61926114391187,12.368131807212954,12.61926114391187,1097300
2021-10-20,12.352432250976562,12.416784012495192,12.148389350137744,12.321041093033994,1490900
2021-10-21,12.30534839630127,12.360282746791203,12.191554957801388,12.313195626068122,820900
2021-10-22,12.321044921875,12.415218424967705,12.226871418782293,12.258262586479862,1055800
2021-10-25,12.399519920349121,12.462302239060822,12.20332498726899,12.305346442281571,892700
2021-10-26,12.31319522857666,12.477999023150698,12.258260879860105,12.442683870854522,1377900
2021-10-27,12.234721183776855,12.407373005528576,12.164090859040941,12.328894700616544,1324000
2021-10-28,12.321044921875,12.352436089572567,12.001639809262851,12.234719397812805,1268400
2021-10-29,12.328889846801758,12.391672166644504,12.183705264400228,12.3053466639668,1599000
2021-11-01,12.68204116821289,12.709508340858479,12.305347231774562,12.336738393144422,2219600
2021-11-02,12.611412048339844,12.752672661937106,12.536858500874082,12.752672661937106,2429900
2021-11-03,13.035192489624023,13.090126834158603,12.556476349796473,12.556476349796473,2485000
2021-11-04,12.909626960754395,13.16075623103643,12.823300712776748,13.027343619093033,2070500
2021-11-05,13.082283973693848,13.686564993623998,12.87039299317041,13.180381483545526,4050000
2021-11-08,12.6741943359375,13.356953467165038,12.556477657270346,13.294171138752636,2536000
2021-11-09,12.784065246582031,12.791911728328692,12.493696025943056,12.58002229364497,2504100
2021-11-10,12.729131698608398,12.925326708433833,12.61926297209788,12.729131698608398,2508700
2021-11-11,12.572174072265625,12.752673085930459,12.45445664087931,12.729129150598546,1899400
2021-11-12,12.517237663269043,12.768367708256857,12.450531350316329,12.760519730633165,2448200
2021-11-15,12.556478500366211,12.5721744577354,12.38775070076963,12.556478500366211,1490600
2021-11-16,12.423063278198242,12.556475894450724,12.266107479202466,12.556475894450724,2612200
2021-11-17,12.430908203125,12.446603404958832,12.27395244266617,12.3602779238125,1853400
2021-11-18,12.211174964904785,12.493695445395863,12.156239865713221,12.470152259127707,1749800
2021-11-19,12.281804084777832,12.313195248154972,11.889414168351392,12.038522755711087,2203800
2021-11-22,12.281804084777832,12.493694998891808,12.22686973597393,12.344586411532113,1825100
2021-11-23,12.407367706298828,12.607486624770903,12.242563935111487,12.273955093984112,2259100
2021-11-24,12.438760757446289,12.505467073751499,12.328891310465835,12.3995216157801,1309800
2021-11-26,11.975739479064941,12.007130639952196,11.269437236465217,11.86587004174739,3028200
2021-11-29,12.077764511108398,12.175862011446894,11.889416741655841,12.124850892153137,3403300
2021-11-30,11.787392616271973,11.944348422073505,11.724609545527041,11.834478983800274,3648800
2021-12-01,11.473479270935059,12.030672894998544,11.422468919089303,12.007129713256214,4000000
2021-12-02,11.920804977416992,12.128771896374563,11.457785518472182,11.544111028087448,3269800
2021-12-03,11.787392616271973,11.983587560629967,11.70106636176289,11.928652467281193,2643800
2021-12-06,12.368127822875977,12.603561125975197,11.928650876803944,11.991433190753632,3900600
2021-12-07,12.242566108703613,12.56432573138051,12.140544637148237,12.493695424271065,2727000
2021-12-08,12.580021858215332,12.642804187957598,12.207251120499274,12.28180466930296,2200400
2021-12-09,12.485845565795898,12.57609505643413,12.36812890395684,12.462302383112943,1320200
2021-12-10,12.281804084777832,12.556477325646089,12.230793724949118,12.51723818431857,1473800
2021-12-13,11.952198028564453,12.258262472077707,11.901187662191145,12.258262472077707,1949900
2021-12-14,11.86587142944336,12.242566152568626,11.834480264884954,11.952196944872876,1759800
2021-12-15,11.991434097290039,12.030673233581075,11.559805094937197,11.865869459898144,2992700
2021-12-16,11.86587142944336,12.183707064150267,11.826632286639253,12.046371186972491,2107400
2021-12-17,11.928650856018066,12.026748314946545,11.748151890833292,11.80308622833749,4105900
2021-12-20,11.755999565124512,11.834477834616829,11.434240007369658,11.755999565124512,2337000
2021-12-21,12.493697166442871,12.49997569957732,11.826633893418323,11.865873041553504,2050500
2021-12-22,12.697736740112305,12.71735593471758,12.43091150230449,12.517237006361718,1626300
2021-12-23,12.721278190612793,12.846844319438015,12.674191827833639,12.75267009703122,1108900
2021-12-27,12.815451622009277,12.815451622009277,12.540778445195684,12.642800637909954,945800
2021-12-28,12.666343688964844,12.862538611021169,12.65064923280517,12.713431547989256,726700
2021-12-29,12.721278190612793,12.736974143822007,12.485844879868534,12.642801418263696,928400
2021-12-30,12.68986988067627,12.886185938852293,12.682017058616509,12.72913249320241,1331700
2021-12-31,12.682015419006348,12.72913084750087,12.619194348422827,12.642752811556322,1428400
2022-01-03,12.886188507080078,13.011830689531509,12.729135030129312,12.729135030129312,1912200
2022-01-04,13.066794395446777,13.219920658241476,12.898748821414372,12.956857898624415,2621700
2022-01-05,12.736987113952637,13.231704489171848,12.729134290783918,13.098209490849365,2301500
2022-01-06,12.941155433654785,13.035387809615015,12.815513264223016,12.854777378278445,1945900
2022-01-07,13.200288772583008,13.388751972152537,12.937226024571071,12.937226024571071,2295700
2022-01-10,12.972565650939941,13.247408435483344,12.866554798425799,13.231702791161394,1830200
2022-01-11,13.153177261352539,13.219924009120989,12.878334451859267,12.972566828572578,1576500
2022-01-12,13.03538703918457,13.239555926887405,13.03538703918457,13.14532355649659,951200
2022-01-13,13.129621505737305,13.255263702134934,13.062874744176806,13.106064530020953,1106300
2022-01-14,13.184587478637695,13.184587478637695,12.921523176001864,13.058943820665787,832900
2022-01-18,13.106060028076172,13.227775021529771,13.0510917732555,13.137469817499722,1306200
2022-01-19,12.862625122070312,13.168879135343397,12.862625122070312,13.137467852844665,1198000
2022-01-20,12.587783813476562,13.082499527681636,12.572078172321513,12.86262504482806,1302100
2022-01-21,12.501407623291016,12.650608258562006,12.352206988020026,12.587787174938343,1820300
2022-01-24,12.548521995544434,12.587786105581646,11.920311212675527,12.203006064966536,1798900
2022-01-25,12.469995498657227,12.572079933809652,12.124478833697276,12.40717442300747,1060700
2022-01-26,12.320796966552734,12.815513582647247,12.234418160143758,12.603491854798275,1976600
2022-01-27,12.05380630493164,12.5642277580478,11.928163398286644,12.383617343491302,1384700
2022-01-28,12.210858345031738,12.210858345031738,11.74362594073416,12.006689475217604,1666800
2022-01-31,12.666316032409668,12.689874507177947,12.022400115362023,12.061662742202616,2027700
2022-02-01,12.729133605957031,12.88226140284948,12.564228821604413,12.689870989998633,1555900
2022-02-02,12.682015419006348,12.75661647004285,12.532815563592045,12.69379539945933,1726000
2022-02-03,12.579933166503906,12.697722499974084,12.485700801064183,12.595638810372634,1122000
2022-02-04,12.831220626831055,12.921525854583365,12.415030697675034,12.477851790797207,1351300
2022-02-07,13.176734924316406,13.24740882808701,12.799806938282273,12.83907105025079,2952100
2022-02-08,13.200288772583008,13.464137851089298,13.153173347133718,13.23170005473078,2328500
2022-02-09,13.428021430969238,13.50654816988883,13.274895113851167,13.274895113851167,1566900
2022-02-10,13.325932502746582,13.577218296728342,13.161027745023995,13.278817071650494,1928400
2022-02-11,13.200288772583008,13.51439410519889,13.09035228061054,13.333783726166304,1559500
2022-02-14,13.066794395446777,13.310227349514056,12.929373774418826,13.247406280219503,1209200
2022-02-15,13.592924118041992,13.67145084473356,13.263113064155593,13.270965886602024,2126400
2022-02-16,14.040523529052734,14.040523529052734,13.585070343489246,13.632187274865649,3640800
2022-02-17,13.922736167907715,14.06801114689999,13.81279964133872,13.95414745994048,1720700
2022-02-18,13.734271049499512,14.044450776348977,13.671449971712384,13.82850341506652,1572000
2022-02-22,13.467279434204102,13.82064888930092,13.40838552353627,13.679301107262193,1434900
2022-02-23,13.208138465881348,13.71070687907563,13.153170232909725,13.71070687907563,1577000
2022-02-24,13.553659439086914,13.592922047565844,12.705574215098478,12.862626146786702,3294500
2022-02-25,13.93844223022461,13.942367892959531,13.600778319651562,13.624336789379758,3025900
2022-02-28,13.891322135925293,13.993405808344187,13.647889190252172,13.734268719218273,2752400
2022-03-01,13.77353286743164,13.954143248796097,13.537952741598865,13.930584786881102,3563100
2022-03-02,14.087639808654785,14.119049597013229,13.820649867631493,13.867765299055439,2241600
2022-03-03,14.111263275146484,14.33175230358703,13.922273323036856,14.174259925849693,2078700
2022-03-04,13.882901191711426,13.926211676034566,13.583667439415173,13.91440027193146,4214100
2022-03-07,13.221437454223633,13.90652594951479,13.174188832372693,13.843529289005732,2712400
2022-03-08,13.678162574768066,13.851403002460117,13.126940710902566,13.315930678009916,1966900
2022-03-09,13.930146217346191,14.146697081121799,13.859274807098403,13.985268091548154,1548600
2022-03-10,14.166385650634766,14.174260419992025,13.623038580653308,13.686035233552703,1563300
2022-03-11,14.229379653930664,14.465618184783247,14.15850824487073,14.174257780652582,2488400
2022-03-14,14.048269271850586,14.41049970616699,13.969523068142134,14.331755004417449,1873400
2022-03-15,14.103388786315918,14.276629203702592,13.934085002569521,14.229382090225982,1734100
2022-03-16,14.268755912780762,14.323877795405254,13.843527386319845,14.308128256952926,2417500
2022-03-17,14.402624130249023,14.402624130249023,14.17426032627444,14.253006517367698,1772700
2022-03-18,14.528618812561035,14.556179756762717,14.268757408688895,14.418373533795501,5155300
2022-03-21,14.260884284973145,14.512870947883936,14.150638993480435,14.457749053117075,2133000
2022-03-22,14.284506797790527,14.560117767832047,14.221510133377517,14.426249668209534,1956800
2022-03-23,13.867159843444824,14.292387117844466,13.859285069590817,14.174268513953429,1348500
2022-03-24,13.930146217346191,14.00101762759398,13.788403396850615,13.898647145254541,1396300
2022-03-25,14.221504211425781,14.229378978943158,14.008891496289914,14.008891496289914,1672700
2022-03-28,14.1742582321167,14.331750591034709,14.127011125224675,14.237254875292214,2186200
2022-03-29,14.607362747192383,14.686108941643297,14.25300712510136,14.363250896157403,4061100
2022-03-30,14.46562385559082,14.646739082207633,14.402627189725886,14.646739082207633,1634200
2022-03-31,14.150635719299316,14.599488548457233,14.150635719299316,14.465620477015463,2302000
2022-04-01,14.276981353759766,14.35357808716431,14.032188399467117,14.31646355388299,2201600
2022-04-04,14.190120697021484,14.27698335685891,13.842673069970981,14.237501151196227,1455900
2022-04-05,13.71632194519043,14.308563796765771,13.645252802509477,14.205907699049321,1436600
2022-04-06,13.321497917175293,13.668945486687688,13.26622072979212,13.629463287563347,1680500
2022-04-07,13.05301570892334,13.376774585306816,12.93061847276882,13.321498899994925,2470700
2022-04-08,12.863500595092773,13.108293602490784,12.855603852125132,13.053017907867012,1641300
2022-04-11,12.942461967468262,13.143825100393673,12.816117122010866,12.871392803629806,2866100
2022-04-12,13.171464920043945,13.31360326907529,13.001688726050906,13.01353308642032,1301400
2022-04-13,13.842674255371094,13.87820884597031,13.22674185370125,13.234638596739936,2433500
2022-04-14,13.953221321105957,14.229601217202873,13.905842383707684,13.905842383707684,2703400
2022-04-18,13.93742847442627,14.15063596164869,13.779498173859142,13.81898037246359,1466500
2022-04-19,14.237500190734863,14.308569361053053,13.97691373495134,13.984808970631583,2206200
2022-04-20,14.190120697021484,14.758674097921583,14.1782763365526,14.403328222359022,2712300
2022-04-21,14.047985076904297,14.561261325987395,13.992707875550963,14.434916449479239,3872600
2022-04-22,14.2138032913208,14.458596148505219,14.095355231789553,14.182216338833111,2428100
2022-04-25,14.324363708496094,14.352001556398061,14.004553895301948,14.213812316888216,1382000
2022-04-26,14.166428565979004,14.37963453384457,14.091410284668662,14.261186439219424,2005700
2022-04-27,14.434916496276855,14.65601927780807,14.071673845525986,14.166433256289176,2298800
2022-04-28,14.64811897277832,14.72313726068414,14.253290951882416,14.537567608895268,2398300
2022-04-29,13.969015121459961,14.64811826018261,13.913739442207461,14.584945840158426,3981300
2022-05-02,13.858150482177734,14.119475545139201,13.5532709903196,14.016529948998608,2422200
2022-05-03,13.826472282409668,13.996729659634502,13.588904621844868,13.858148776041427,2286400
2022-05-04,13.810637474060059,13.945259569952391,13.454284423045484,13.858150710722482,2110400
2022-05-05,13.343417167663574,13.949215728968815,13.141483306949645,13.873986325999507,2959500
2022-05-06,13.343417167663574,13.580984816295908,12.907874464613265,13.145443623663873,1968500
2022-05-09,12.591119766235352,13.33550087243683,12.50401166027956,13.280068510029444,2427900
2022-05-10,13.105852127075195,13.248393365214925,12.71782404014968,12.804932910217014,2696900
2022-05-11,12.844527244567871,13.343421586496142,12.63863526458355,13.200880345945208,2607900
2022-05-12,12.757418632507324,12.836606860231848,12.369389821857064,12.773255371801053,2788200
2022-05-13,12.994986534118652,13.018743909048437,12.705945269356853,12.868283555330429,2821000
2022-05-16,12.92371940612793,13.097937181773753,12.828692901611166,13.050422419096316,1630300
2022-05-17,13.367177963256836,13.458247156299919,13.002907232759835,13.066258729821001,1847800
2022-05-18,12.971222877502441,13.584941927419004,12.884115565781405,13.422603720062357,1904500
2022-05-19,12.85244369506836,13.082093759360346,12.761376034875543,12.820768709549252,1799500
2022-05-20,12.290202140808105,13.058339208201566,12.060552026908299,13.026664215840192,2519400
2022-05-23,12.369389533996582,12.504011632581424,12.171415948455262,12.416903526818588,1986800
2022-05-24,12.147661209106445,12.290202454416816,11.822984599418968,12.290202454416816,2335600
2022-05-25,12.55152702331543,12.622796887672097,12.09222831412244,12.139741557026886,1900900
2022-05-26,13.010825157165527,13.105851638772315,12.606958834289948,12.662391200297023,1952800
2022-05-27,13.39885139465332,13.406770518772472,13.074174857860498,13.185039574691661,2071900
2022-05-31,13.232551574707031,13.375092774719114,13.002903038346277,13.375092774719114,1584600
2022-06-01,13.613801956176758,13.701172234923042,12.99427165947089,13.32786547883229,2126600
2022-06-02,13.629688262939453,13.701172763772647,13.38346471282039,13.542317980820775,2244100
2022-06-03,13.462890625,13.653515434625586,13.400936690774675,13.494660669128605,1620900
2022-06-06,13.65351676940918,13.713086176080632,13.351692988448535,13.621745207223231,1759900
2022-06-07,13.804430961608887,13.83620253257909,13.42318119967777,13.518494397636495,1684900
2022-06-08,13.574090957641602,13.740887133662797,13.522462920560528,13.740887133662797,1139500
2022-06-09,13.208723068237305,13.566145543169572,13.184895913209395,13.50260393817621,1792300
2022-06-10,12.597138404846191,13.10944283107296,12.5415396745129,12.930733059273605,2645100
2022-06-13,11.739322662353516,12.239713376450965,11.691666836711295,12.176171770610878,2760600
2022-06-14,11.771096229553223,11.929951038933993,11.564586340814786,11.731383284683899,1509800
2022-06-15,12.29531478881836,12.545510579478233,11.945835880049662,12.033205417872873,2140700
2022-06-16,11.771096229553223,12.23971625077958,11.687698136356602,12.17617463001762,2833100
2022-06-17,11.68372631072998,11.945835677225197,11.560614519188492,11.858466140885406,3293000
2022-06-21,11.786980628967285,12.184116090819414,11.647983065823885,11.834636460203104,1955700
2022-06-22,11.63607120513916,11.925980729658232,11.596358256484658,11.604300391729993,2678500
2022-06-23,11.469273567199707,11.683727113138003,11.35013321332903,11.636070517104194,2111500
2022-06-24,11.906122207641602,12.064976257473125,11.516929596185404,11.604299134223778,3549000
2022-06-27,11.922005653381348,12.120573366099322,11.767122322377844,11.993490151155932,1319900
2022-06-28,11.914064407348633,12.354885032812794,11.850522791107505,12.033204748431793,1828600
2022-06-29,11.70755386352539,11.91406449659388,11.477215313556941,11.826694962976822,1809500
2022-06-30,11.651954650878906,11.862436720872468,11.358074496486028,11.485157724604484,1911300
2022-07-01,11.787444114685059,11.922932039227014,11.604137369755616,11.62804677994936,1971700
2022-07-05,11.87511157989502,11.910976072564523,11.428799075666689,11.508497357102838,1591800
2022-07-06,11.683833122253418,12.030522915146488,11.50451144460496,11.867140587480295,1342800
2022-07-07,12.090295791625977,12.14209962479759,11.81134996974931,11.81134996974931,1701800
2022-07-08,12.002630233764648,12.16202755717415,11.787443277112025,12.154057500987077,1271300
2022-07-11,11.95481014251709,12.010599013294268,11.7475932509642,11.914960623362095,748300
2022-07-12,12.090295791625977,12.209843566678138,11.899019047516031,11.899019047516031,1267100
2022-07-13,12.106233596801758,12.173977530045391,11.835258623893344,11.883077423791132,1234600
2022-07-14,12.090295791625977,12.225783675387076,11.859169535809905,11.859169535809905,1716500
2022-07-15,12.361274719238281,12.393154184739744,12.08232882605067,12.289545731843386,1453300
2022-07-18,12.4967622756958,12.664129654747668,12.333379924724499,12.51270162795168,1544300
2022-07-19,12.767740249633789,12.847439304501856,12.632252312397986,12.711950607199537,1934700
2022-07-20,12.998863220214844,13.022773387902575,12.624279713903432,12.791646327319363,1335500
2022-07-21,12.847434997558594,12.927132505576024,12.552549049443513,12.831494887902096,1209400
2022-07-22,12.560519218444824,13.030741816658033,12.512699649106926,12.97495295248571,1008600
2022-07-25,12.711946487426758,12.827509243459934,12.528639784730593,12.592398703935022,1122600
2022-07-26,12.68006706237793,12.823525011011956,12.632248252877437,12.68006706237793,1001300
2022-07-27,12.966983795166016,12.998862496842914,12.775707024706689,12.863374594417644,785400
2022-07-28,13.19810962677002,13.206079682405994,12.919163760041641,13.110442055039663,870400
2022-07-29,13.29375171661377,13.421269594747901,13.094504842012563,13.198112547946664,1038900
2022-08-01,13.213813781738281,13.35770157430327,13.037948382986373,13.189831720625707,970300
2022-08-02,13.00597095489502,13.285755507293436,13.00597095489502,13.189828808724238,816100
2022-08-03,13.189830780029297,13.405664740540404,13.077917552225037,13.109892106724807,1226500
2022-08-04,13.277758598327637,13.277758598327637,13.053930700192096,13.237788513998353,1444000
2022-08-05,13.07791519165039,13.437636869535464,13.001972779602276,13.157852325822784,1237500
2022-08-08,13.165849685668945,13.285758466766547,13.009970099886251,13.205819787602643,1377000
2022-08-09,13.133872032165527,13.173840599972081,12.942020162228435,13.1498600691694,1390000
2022-08-10,13.261773109436035,13.429642921723604,13.217806770588401,13.3816803360276,1230600
2022-08-11,13.413657188415527,13.54155844083281,13.35769905636767,13.493594327648932,1352700
2022-08-12,13.797358512878418,13.797358512878418,13.561540334432326,13.589518633171444,1576900
2022-08-15,13.789368629455566,13.899683968815278,13.693441915946385,13.717423975499528,1200400
2022-08-16,13.797358512878418,13.86930314526556,13.657465494479895,13.749395932854632,1051900
2022-08-17,13.709426879882812,13.829334101340077,13.629488224010288,13.685446350413185,1047200
2022-08-18,13.869305610656738,14.081141774395217,13.685447750630768,13.701434263678488,1799500
2022-08-19,13.557546615600586,13.821344696335954,13.40966106024868,13.78936861696074,1556200
2022-08-22,13.429643630981445,13.517576313320687,13.269767828650231,13.333718454523355,946500
2022-08-23,13.229795455932617,13.533562020038719,13.221802963190338,13.437635335399179,1292700
2022-08-24,13.34171199798584,13.453625208100588,13.221804769333875,13.269767355854034,1155900
2022-08-25,13.517576217651367,13.533564255182291,13.381680948044867,13.381680948044867,1222000
2022-08-26,13.06192684173584,13.557543770414423,13.053932823569662,13.48560065632494,1048500
2022-08-29,12.910042762756348,13.093900595314958,12.834101881839434,13.053932031611946,638300
2022-08-30,12.814119338989258,13.029951746860254,12.7701529981275,12.981989158967053,935400
2022-08-31,12.718191146850586,12.894054964968312,12.694209855716624,12.870074436185849,1239600
2022-09-01,12.525490760803223,12.613811251169299,12.368921609431899,12.55760737236547,1157100
2022-09-02,12.388997077941895,12.778411155099217,12.360895133759069,12.67804663117738,1570300
2022-09-06,12.437173843383789,12.497392415355,12.224401504704128,12.42914449626211,1416200
2022-09-07,12.742278099060059,12.806511324209211,12.413082628740543,12.437169896741365,1794800
2022-09-08,12.710162162780762,12.80330057391897,12.525491822080932,12.613812319930352,962500
2022-09-09,12.97512435913086,13.063445622272479,12.782424674364476,12.870745937506095,1209300
2022-09-12,13.199942588806152,13.207971934476896,13.039358738273478,13.07147612095645,765600
2022-09-13,12.726222038269043,12.9510375934751,12.621842840694406,12.806513198596841,1487800
2022-09-14,12.870747566223145,12.890820165447865,12.629871781203038,12.75030967371309,2054200
2022-09-15,12.645929336547852,12.97512483485699,12.621842066499028,12.902862258990007,1590500
2022-09-16,12.653959274291992,12.77439639589577,12.360895050194399,12.533521386967669,2889300
2022-09-19,12.7503080368042,12.758337381751495,12.469287089412656,12.501403703481364,1360200
2022-09-20,12.637901306152344,12.690091290028628,12.541551450212193,12.637901306152344,1473700
2022-09-21,12.12403678894043,12.822573898372317,12.116007441933922,12.774398582053953,1367500
2022-09-22,11.714547157287598,12.124034591761959,11.566007327469062,12.10797590065918,1971500
2022-09-23,11.449588775634766,11.561996588719362,11.248859662874215,11.521851378743891,1907800
2022-09-26,11.144477844238281,11.517834029782657,11.072215257910901,11.369294183918532,2440200
2022-09-27,11.272940635681152,11.570019464488063,11.168561463551098,11.305057245127296,1779400
2022-09-28,11.738635063171387,11.806882972608685,11.297030988325368,11.361264224769815,1948500
2022-09-29,11.353235244750977,11.598124162927546,11.108345560853856,11.529876255893294,1872100
2022-09-30,11.28900146484375,11.561992314063488,11.264913428899247,11.38535131146022,2915000
2022-10-03,11.47459602355957,11.61984354846792,11.305139936539954,11.531081129382159,2338000
2022-10-04,11.982964515686035,11.991033266993531,11.67632964899713,11.67632964899713,2636100
2022-10-05,12.007170677185059,12.015240196947937,11.752986191516703,11.797367780660775,1827000
2022-10-06,12.031379699707031,12.144350679307529,11.91033996906866,11.99910238690001,1690800
2022-10-07,11.861923217773438,12.027344536562707,11.781230323234569,11.918409090457642,1677800
2022-10-10,11.773160934448242,12.01927592007786,11.736848862156927,11.934547494880851,1389200
2022-10-11,11.934551239013672,12.023313682710395,11.63598581615881,11.813511473104318,1187000
2022-10-12,12.128212928771973,12.221010886325269,11.771548699732142,11.894202193630464,1489600
2022-10-13,12.434844970703125,12.503434348206524,11.732812926019268,11.934546298729057,1398600
2022-10-14,12.28959846496582,12.765689416214073,12.196801284855223,12.636580162225094,2153200
2022-10-17,12.757621765136719,12.765690517042934,12.580096140817307,12.588165662275443,2585200
2022-10-18,12.991629600524902,13.136877876140888,12.93917849230724,12.943214021687407,3730300
2022-10-19,12.991629600524902,13.18932744525505,12.733410358368511,12.86251959467083,1686600
2022-10-20,12.951284408569336,13.37089027406575,12.858487993481333,13.080393668859958,2463600
2022-10-21,13.27406120300293,13.298268231205581,12.923043903024187,13.040049669683768,1879800
2022-10-24,13.27406120300293,13.447552087607404,13.229679599159363,13.314407276076702,2014500
2022-10-25,13.45965576171875,13.568592007237818,13.137689046501253,13.265991838275092,1223400
2022-10-26,13.419302940368652,13.645244866239088,13.403165440673478,13.548413711654224,1354100
2022-10-27,13.500001907348633,13.758220473318808,13.45158631100524,13.588765116564902,1061000
2022-10-28,13.701732635498047,13.766287264180695,13.411237575978006,13.540346833343303,1198000
2022-10-31,13.814705848693848,13.899433519204134,13.629109924918666,13.65331849039471,1716700
2022-11-01,13.936310768127441,14.041703941353333,13.745790614851684,13.98495365220636,994500
2022-11-02,13.141803741455078,13.806597124062781,13.105322733533827,13.790382311878048,2104100
2022-11-03,13.036408424377441,13.158016403229395,12.594564915696177,12.979658137335152,1924700
2022-11-04,13.141803741455078,13.389074215118676,13.012088336636404,13.174233365824547,1876100
2022-11-07,13.133699417114258,13.320165140049056,12.914804066018737,13.214770394856497,1637000
2022-11-08,12.785087585449219,13.218823774974718,12.533763400206452,13.174233813117576,2673300
2022-11-09,12.566191673278809,12.89453388438479,12.525655416473983,12.720228521339395,1732100
2022-11-10,13.247200012207031,13.502577921610074,12.987769172452097,13.05262688239083,1833600
2022-11-11,13.352593421936035,13.445826284800301,13.222878000009246,13.336380153942539,1260800
2022-11-14,13.125587463378906,13.385018213478897,13.125587463378906,13.255302838428902,998000
2022-11-15,13.190450668334961,13.482309611114449,13.101270730811562,13.40123862754397,1101500
2022-11-16,12.987770080566406,13.190450631587742,12.987770080566406,13.08505587911191,1084500
2022-11-17,12.947232246398926,12.99992884308456,12.768873166632817,12.801302019938943,1256000
2022-11-18,13.352593421936035,13.376915643420984,13.101269985244107,13.255307628655844,1707300
2022-11-21,13.320162773132324,13.393127877198683,13.193690029172604,13.328270178731865,934400
2022-11-22,13.652558326721191,13.684986401971948,13.352590512422005,13.48230590608396,1532200
2022-11-23,13.46609115600586,13.733629319209255,13.457983751505237,13.56337691735475,918800
2022-11-25,13.55527400970459,13.624186197656293,13.401237912080424,13.474203030462316,501900
2022-11-28,13.37691593170166,13.579596476121383,13.37691593170166,13.43366623672641,1356600
2022-11-29,13.636343955993652,13.660666172963728,13.364752824977293,13.457985670534976,1591700
2022-11-30,13.830916404724121,13.830916404724121,13.425555418859632,13.555270810629914,3134600
2022-12-01,13.847208976745605,14.010117939094497,13.708736824833549,13.887935440525325,1134900
2022-12-02,13.733174324035645,13.814627255680225,13.65171983877598,13.69244630459827,859700
2022-12-05,13.529537200927734,13.700590200393785,13.468445956195636,13.627281328161224,1603200
2022-12-06,13.594701766967773,13.65986504254375,13.472520819464696,13.586556163318896,1567400
2022-12-07,13.505101203918457,13.753536668790536,13.464374740726143,13.59470128727953,1740000
2022-12-08,13.80648136138916,13.863499027371017,13.627281207029178,13.627281207029178,1399900
2022-12-09,13.692442893981934,13.863497425781192,13.66800764202111,13.741316505132977,1508100
2022-12-12,13.896080017089844,13.900153595335786,13.651718145239752,13.733172620394747,1574300
2022-12-13,13.953100204467773,14.33593584077725,13.839064850817378,14.254481350906179,1914700
2022-12-14,13.562122344970703,13.944958032868696,13.472523792292447,13.912375611083599,1641400
2022-12-15,13.268884658813477,13.51324654037078,13.232230221218387,13.3992112027927,1285300
2022-12-16,13.21186637878418,13.277029655421751,12.902341203159486,13.057104567779366,2644400
2022-12-19,13.122268676757812,13.27295847223757,12.996014140557648,13.236304029703017,982700
2022-12-20,13.02452278137207,13.171140549287895,13.02044997928468,13.065250802245988,987500
2022-12-21,12.641687393188477,13.081539097613668,12.527651277014268,13.008230998081128,1850100
2022-12-22,12.67426872253418,12.680784583592944,12.458414900409467,12.486923734560238,1301700
2022-12-23,12.894194602966309,12.918630635615196,12.596887079181183,12.682413581856025,845600
2022-12-27,12.959357261657715,12.99193889591778,12.857539557494086,12.9430668329314,1225200
2022-12-28,12.666122436523438,13.040811615462903,12.657976833831672,12.967502744851878,1505600
2022-12-29,12.921260833740234,12.921260833740234,12.740198358051913,12.797809609565862,864400
2022-12-30,12.987096786499023,13.028247440960715,12.731964141626749,12.756654220350383,1389900
2023-01-03,12.748425483703613,13.192851664107302,12.657894660778906,13.143470715767933,1335400
2023-01-04,12.987096786499023,13.168159195200396,12.8636456079974,12.937716629051755,1394400
2023-01-05,12.674351692199707,12.95417517376105,12.616741252425328,12.95417517376105,1378800
2023-01-06,12.814264297485352,12.962406335337622,12.715503200544982,12.715503200544982,1232600
2023-01-09,12.855416297912598,12.913026747610752,12.77311576761288,12.78957555971942,1308800
2023-01-10,13.17638874053955,13.17638874053955,12.789573866211377,12.814263943543649,1154100
2023-01-11,13.670194625854492,13.670194625854492,13.217538249440484,13.217538249440484,2216000
2023-01-12,13.744266510009766,13.851257110610149,13.63727433964251,13.661965202750384,1328800
2023-01-13,13.57143497467041,13.70311645164131,13.505594236184962,13.65373629021898,942500
2023-01-17,13.801874160766602,13.801874160766602,13.6208110074884,13.637271579562155,870600
2023-01-18,13.554974555969238,13.810108794127224,13.472674809226195,13.768957350988655,1135200
2023-01-19,13.604358673095703,13.620817683469971,13.452924789281168,13.456216591356021,717400
2023-01-20,13.925328254699707,13.941788830252163,13.505592996713402,13.694884906265985,1136600
2023-01-23,14.20514965057373,14.20514965057373,13.880060395639138,13.95001704646514,906000
2023-01-24,14.221607208251953,14.246296492912508,13.991163942900076,14.18868606901612,774400
2023-01-25,14.295683860778809,14.320373155212737,14.106390374772703,14.155772103174439,1188100
2023-01-26,14.3697509765625,14.468512847535102,14.229840811481898,14.377981263290774,914000
2023-01-27,14.509669303894043,14.563165407050494,14.353298494309643,14.353298494309643,1198300
2023-01-30,14.385651588439941,14.547697733220167,14.319510723223399,14.451792453656482,1330600
2023-01-31,14.65848159790039,14.728757148187206,14.344312909286188,14.410453768832467,1403000
2023-02-01,14.77423095703125,14.894110194393301,14.480729381209606,14.617145806483101,1387600
2023-02-02,14.889974594116211,15.063593749743488,14.737024160312792,14.88170679000219,1644500
2023-02-03,14.741155624389648,14.881705124755898,14.68328257898982,14.749423427578513,1225100
2023-02-06,14.517934799194336,14.716357415076123,14.393920861383567,14.617146895596617,1146100
2023-02-07,14.683287620544434,14.724625073759883,14.35258326405255,14.426991941378569,3289000
2023-02-08,14.476595878601074,14.75769495017955,14.389786288622531,14.517933328041538,1642400
2023-02-09,14.352580070495605,14.625411301009754,14.311241049555639,14.551002640240222,1357200
2023-02-10,14.096281051635742,14.336042611367628,14.034274893614265,14.302971398885077,1791600
2023-02-13,14.526202201843262,14.526202201843262,14.038412693336054,14.09628575757882,1686900
2023-02-14,14.551003456115723,14.708088590650553,14.344313070593973,14.435255767916246,1674200
2023-02-15,14.633678436279297,14.703952403281344,14.451789906302546,14.46005771011261,1169900
2023-02-16,14.203766822814941,14.484865938140626,14.141759062081418,14.377386029792232,1869600
2023-02-17,14.063217163085938,14.24510417530248,13.972272868516242,14.228568562303835,1415900
2023-02-21,13.782116889953613,13.99294041871431,13.64570045957932,13.889595211554166,1720600
2023-02-22,13.732507705688477,13.935063370731392,13.393535649275124,13.682900885050717,2436600
2023-02-23,13.988804817199707,14.026009148239698,13.6622336421734,13.806917852627777,1107100
2023-02-24,13.790382385253906,13.881326656932885,13.66636847282413,13.80691799409053,1672500
2023-02-27,13.82361125946045,14.085296661446929,13.82361125946045,13.98976107315518,1797400
2023-02-28,13.715618133544922,14.052070870361721,13.707310482503745,13.8568450322001,1949100
2023-03-01,13.97314739227295,14.068682991622945,13.674078326814017,13.798691493770065,2041000
2023-03-02,13.981452941894531,14.052067164862514,13.823610782779628,13.914993335612783,920700
2023-03-03,14.039608001708984,14.20575784638909,13.977302998345708,14.072838604453946,1252300
2023-03-06,13.906686782836914,14.130988565912217,13.815304222801318,14.130988565912217,1144200
2023-03-07,13.699002265930176,13.95653309948542,13.600974206022537,13.923304081214914,1001100
2023-03-08,13.773767471313477,13.811151101585871,13.632540599675773,13.7322308085762,1144700
2023-03-09,13.11747932434082,13.798691583910914,13.092557166143477,13.798691583910914,1387200
2023-03-10,12.884869575500488,13.117478214267017,12.735335054448619,13.084248408728941,2339100
2023-03-13,12.735336303710938,12.880717014298916,12.53595745092458,12.702106494913211,2555800
2023-03-14,12.826716423034668,13.125785455845111,12.68549034808211,13.06763270376473,2319900
2023-03-15,12.727028846740723,12.818411416518213,12.46949802271232,12.502727832014733,2268100
2023-03-16,12.61902904510498,12.84748462798411,12.477802980243869,12.560877089440936,2095300
2023-03-17,12.295039176940918,12.652259366443307,12.182888293048547,12.652259366443307,3404700
2023-03-20,12.54426383972168,12.623184132516743,12.336577357555832,12.411343825636251,1662200
2023-03-21,12.469496726989746,12.80179478548431,12.4570352526983,12.718720666991201,3581600
2023-03-22,11.73844051361084,12.195350950208613,11.713518356636003,12.103968387532408,2801100
2023-03-23,11.505831718444824,11.929511550606955,11.505831718444824,11.771670168783585,1680000
2023-03-24,11.68028736114502,11.738439318921536,11.347988535502495,11.372910689940857,2626300
2023-03-27,11.821515083312988,11.946127457442653,11.730133309426792,11.871360191417077,2169500
2023-03-28,11.971048355102539,11.991817478068223,11.659518640966583,11.688594620857508,2495000
2023-03-29,12.361498832702637,12.403036285300105,12.091506579210607,12.120582558350533,2530700
2023-03-30,12.58701229095459,12.658007416804194,12.47843146338793,12.653831139219688,1691300
2023-03-31,12.962869644165039,12.979573958392592,12.683065411097687,12.712298558403548,1696500
2023-04-03,12.954516410827637,13.121563527078672,12.841759308654382,12.937811300930793,1629000
2023-04-04,12.887700080871582,13.046394673162036,12.72065213545809,13.004632686808662,985400
2023-04-05,12.770764350891113,12.854288308375434,12.68724039340679,12.770764350891113,1329500
2023-04-06,12.829232215881348,12.900227349482945,12.729003932539726,12.887699311904985,1044500
2023-04-10,12.862640380859375,12.946164340382474,12.733178960487734,12.829230956358838,1358600
2023-04-11,12.979575157165527,13.079803441418344,12.912756300996982,12.937813172924287,1719900
2023-04-12,12.862640380859375,13.138268332124682,12.862640380859375,13.113211462885157,2231200
2023-04-13,13.088157653808594,13.146623961218756,12.862643388294487,12.887701059936298,1747800
2023-04-14,13.06309700012207,13.221791558564915,12.925283032130519,13.11321073582256,1492500
2023-04-17,13.372136116027832,13.38466415332757,13.008807900007564,13.063098716785001,3010100
2023-04-18,13.280259132385254,13.451482539570923,13.167502817891343,13.355430539743557,1783200
2023-04-19,13.088157653808594,13.271074355457841,12.97540052105154,13.221795383056792,2039400
2023-04-20,12.87099552154541,13.042218956072626,12.745710353637968,13.012985803330468,3897900
2023-04-21,12.887700080871582,12.91275695406615,12.674714667358653,12.91275695406615,2663000
2023-04-24,12.845935821533203,12.916930946808831,12.68724046077898,12.829230711330235,2703000
2023-04-25,12.478431701660156,12.779117321138111,12.424141685111923,12.745707896367618,1804000
2023-04-26,12.353148460388184,12.587014469798829,12.319739030472377,12.445024193520743,1337200
2023-04-27,12.361542701721191,12.424525944114777,12.264967542450622,12.361542701721191,1923100
2023-04-28,12.504310607910156,12.638675130618607,12.285967858071057,12.31955898874817,1707800
2023-05-01,12.487510681152344,12.70585336173414,12.428726421332428,12.479112700927935,1811000
2023-05-02,12.319554328918457,12.462316780515707,12.139001769493971,12.38673656486123,1928300
2023-05-03,12.663863182067871,12.97458121600732,12.42032738244639,12.655465202559274,2223400
2023-05-04,12.722648620605469,12.886406032757652,12.479112798325165,12.663864360326752,1637600
2023-05-05,13.008176803588867,13.083757043389525,12.794033057778895,12.940994546182877,1332200
2023-05-08,12.873810768127441,13.024971229873744,12.79823053725429,13.024971229873744,1172100
2023-05-09,13.024969100952148,13.07955436939662,12.756239346118447,12.764637326148506,1299300
2023-05-10,13.226518630981445,13.352485154735781,12.97458478259715,13.285302901950052,3754300
2023-05-11,12.924198150634766,13.125744903645977,12.865413080349791,12.999777582357266,1180000
2023-05-12,12.857015609741211,12.987181118016633,12.806628522186694,12.915799877825158,1025500
2023-05-15,12.857015609741211,12.974584145909107,12.768838406739702,12.940993021164624,1392800
2023-05-16,12.798229217529297,12.915798542416889,12.672262712980489,12.789831236992576,1636100
2023-05-17,12.924198150634766,13.041766689453503,12.798230829346053,12.899004205851659,1108200
2023-05-18,12.857015609741211,13.071158529440046,12.73104829129271,12.865412790270641,2161900
2023-05-19,12.764640808105469,13.024972653922804,12.656309559143503,12.974585560873242,1651900
2023-05-22,12.596684455871582,12.806629196802774,12.516905230072553,12.781436052136208,1304000
2023-05-23,12.52110481262207,12.647072143658157,12.458121547541861,12.630276179169744,1429200
2023-05-24,12.260771751403809,12.529500731968648,12.218782647971668,12.479113647674973,1523200
2023-05-25,12.210386276245117,12.260773367179011,11.937458269281935,12.218784258213374,2253100
2023-05-26,12.185190200805664,12.252372438643805,12.109609983018894,12.185190200805664,2029400
2023-05-30,12.278080940246582,12.332968843349885,12.185193409873408,12.244303583264,1583500
2023-05-31,12.269631385803223,12.328742340354395,12.138744281645957,12.286520460050811,1965200
2023-06-01,12.472296714782715,12.497629521782343,12.252743573278163,12.35407560659209,1315900
2023-06-02,12.978959083557129,13.033847780904214,12.658073854292452,12.6918512044616,1829800
2023-06-05,12.843851089477539,13.114069920423791,12.810073735609258,12.902961257418122,1120000
2023-06-06,12.953628540039062,13.063405148636171,12.788964029801248,12.810074575359437,1905000
2023-06-07,13.122515678405762,13.20695947357335,13.016961337104135,13.080293780821968,2072200
2023-06-08,13.215401649475098,13.278734891035587,12.894517198459008,13.063403963550533,1919500
2023-06-09,13.08873462677002,13.22384401664749,13.01273539363507,13.173178398101182,1280000
2023-06-12,12.936738967895508,13.1225148219499,12.890295608368655,13.080292927121766,1158800
2023-06-13,12.843851089477539,13.09295937624948,12.810073735609258,12.970515965154684,1489900
2023-06-14,12.81851863861084,12.945183517876965,12.687630684011427,12.886073348261528,1243100
2023-06-15,12.649629592895508,12.776295262794932,12.497631916457994,12.767850723738523,1323300
2023-06-16,12.784740447998047,12.801628721648838,12.598964605945703,12.750963095380857,2484400
2023-06-20,12.531411170959473,12.81851909996612,12.50607835525762,12.784741743925084,1009200
2023-06-21,12.446964263916016,12.531408035548262,12.328743950009459,12.489186149732138,1117700
2023-06-22,12.362521171569824,12.472297751446433,12.246833576058147,12.455408675165964,924700
2023-06-23,12.126081466674805,12.324524127814861,12.08386037779157,12.210525255072572,1903100
2023-06-26,12.337189674377441,12.387856106598413,12.083859929219443,12.126081016535363,1244500
2023-06-27,12.489189147949219,12.52718877377456,12.142971050710049,12.303413288949292,1014400
2023-06-28,12.379412651062012,12.522966615390754,12.337190754733141,12.522966615390754,1025300
2023-06-29,12.761492729187012,12.78696535402395,12.353940448608821,12.370921388765712,933300
2023-06-30,12.829419136047363,12.884609017876619,12.706304678420008,12.871872704438836,1937000
2023-07-03,13.13508129119873,13.143571355221791,12.744510005437824,12.769981816975584,631100
2023-07-05,12.99923324584961,13.177537583059951,12.880363417797897,13.177537583059951,1324600
2023-07-06,12.922816276550293,12.931306341868186,12.646869315225624,12.83790914549605,1320500
2023-07-07,12.973756790161133,13.17753369378249,12.83790606090304,12.880359616229748,1530500
2023-07-10,13.296402931213379,13.30489380438789,12.888850735647623,12.973757038190039,1411800
2023-07-11,13.253952026367188,13.50867260441666,13.228480211482559,13.372821845386113,1700700
2023-07-12,13.118099212646484,13.576595857427366,13.109608339103403,13.576595857427366,1612900
2023-07-13,13.10960865020752,13.177534830429854,12.973757909231423,13.135081271441253,1564700
2023-07-14,12.897339820861816,13.101116712923037,12.685072866004264,13.101116712923037,1703200
2023-07-17,12.90583324432373,13.007721305626168,12.812436057230078,12.829416995913318,1246700
2023-07-18,13.10960865020752,13.122344960824385,12.901587101871087,12.922814286232532,1465900
2023-07-19,13.143574714660645,13.287916366491514,13.135084648467561,13.211500912346786,1313900
2023-07-20,12.812437057495117,13.139328452444758,12.76573805543534,13.092629450384981,2055900
2023-07-21,12.880362510681152,12.969514268140463,12.846399820734595,12.880362510681152,1209800
2023-07-24,12.863380432128906,12.957627036025738,12.769983239596156,12.905833995910841,978400
2023-07-25,12.829419136047363,12.914326272830309,12.77847550176517,12.86338182881365,1153800
2023-07-26,12.854887962341309,12.994984129799239,12.803943533386503,12.85064252578389,1429000
2023-07-27,12.786965370178223,12.97375976081201,12.769983620265478,12.948287945677295,1298700
2023-07-28,13.188156127929688,13.252176141286608,12.863787137654837,12.863787137654837,1539400
2023-07-31,13.2308349609375,13.38448362743422,13.124134678994457,13.162546845618635,1392100
2023-08-01,13.060115814208984,13.20522827546031,12.880859292313737,13.179619619433405,2312800
2023-08-02,12.812569618225098,12.987558009575064,12.73574528757223,12.915001787742748,1351900
2023-08-03,12.556493759155273,12.71014248129834,12.330288786451185,12.71014248129834,2720600
2023-08-04,12.821107864379883,13.171084702452005,12.65038674078101,12.727211083588774,2505800
2023-08-07,13.017436027526855,13.068652527460307,12.675995408166004,12.778427593974259,1452100
2023-08-08,12.915005683898926,12.99183003772791,12.727212909434606,12.906469463682647,1916600
2023-08-09,13.077188491821289,13.145476618614714,12.885128440486785,12.9662200822673,1887500
2023-08-10,12.88086223602295,13.1625510042253,12.816842209442196,13.145478562972404,1041100
2023-08-11,12.735747337341309,12.897931428332523,12.67172732284632,12.863787366331286,1328000
2023-08-14,12.701602935791016,12.735746996879488,12.616242376040521,12.718674559305937,793900
2023-08-15,12.641850471496582,12.735746431809167,12.530882074367929,12.582097756698943,912400
2023-08-16,12.582098007202148,12.791230478011125,12.573561788624163,12.667458564864779,735400
2023-08-17,12.351627349853516,12.641852305358736,12.334554910560874,12.5820995818932,988600
2023-08-18,12.556493759155273,12.599174050201551,12.232124686885934,12.240660907906959,1278700
2023-08-21,12.394307136535645,12.530883389159948,12.35162685407588,12.530883389159948,1116500
2023-08-22,12.505274772644043,12.513810991975989,12.300410393029445,12.44552286543779,903100
2023-08-23,12.5308837890625,12.64185220137579,12.505275130334176,12.573563258825631,904000
2023-08-24,12.419915199279785,12.675996084492928,12.411378979825653,12.530883610007438,960200
2023-08-25,12.334554672241211,12.47113092770867,12.240658700122008,12.41991523893772,745400
2023-08-28,12.718674659729004,12.80403522015348,12.428450545214778,12.428450545214778,1393500
2023-08-29,13.017436027526855,13.017436027526855,12.654654860669295,12.701603251103405,1644600
2023-08-30,12.931625366210938,13.026017317898203,12.85010608583766,12.983111959708685,806800
2023-08-31,12.888724327087402,12.965953010782695,12.837237719605344,12.965953010782695,1289000
2023-09-01,12.89730167388916,13.04317940559247,12.86297754986201,12.948788269105721,788300
2023-09-05,13.523716926574707,13.862668341491174,13.480811570232527,13.626689290784979,7291400
2023-09-06,13.729660034179688,13.738241268105412,13.49797162829418,13.506552862219905,5156100
2023-09-07,13.75540542602539,13.841214502419598,13.600946469790667,13.6610134779479,3874000
2023-09-08,13.858378410339355,13.896993153404743,13.721081909818736,13.772567688338121,3772900
2023-09-11,13.77256965637207,13.934752255103161,13.716793251947273,13.901286576118647,3457600
2023-09-12,13.866961479187012,13.909866027507189,13.703922067855654,13.72966496051812,2237400
2023-09-13,13.54088020324707,13.909864348030636,13.523718549661458,13.901284748765386,3340100
2023-09-14,13.618108749389648,13.768277095059258,13.326353293426212,13.669595343292698,3747500
2023-09-15,13.892705917358398,14.038583680667426,13.549463784368752,13.575206678378626,42325100
2023-09-18,13.789729118347168,13.948477878199727,13.729662108495024,13.80689158879157,3556200
2023-09-19,13.712503433227539,13.85838119897267,13.656727025549392,13.83263912288476,2118500
2023-09-20,13.558042526245117,13.86695965255793,13.558042526245117,13.76398809547202,2096500
2023-09-21,13.446487426757812,13.583783912146147,13.412163305410727,13.4207445403354,2142900
2023-09-22,13.240544319152832,13.506556087561354,13.231963083177924,13.480813197988333,1731600
2023-09-25,13.369258880615234,13.399292386592506,13.14615166713884,13.163314138183946,1433500
2023-09-26,13.08608627319336,13.317774750839073,13.068923800026226,13.25770691310587,2140900
2023-09-27,13.146153450012207,13.390712967110334,13.107538703275473,13.171897160071211,2505200
2023-09-28,13.361804962158203,13.448066137954429,13.077144233737219,13.12027482163533,2615700
2023-09-29,13.232412338256836,13.499820468451476,13.150464313937057,13.473942448062706,2432500
2023-10-02,13.172032356262207,13.340240752639822,13.025388843597975,13.223788406233359,2685400
2023-10-03,12.74072551727295,13.068515961015047,12.706220394092291,13.059890502867297,1519800
2023-10-04,12.887372016906738,12.930502611084435,12.665681634839896,12.783859084468862,4215400
2023-10-05,12.930499076843262,13.04263826199566,12.883056176598066,12.895994775461558,2313400
2023-10-06,12.973633766174316,13.124590440999004,12.723477296305406,12.870120829261081,2115600
2023-10-09,13.01676082611084,13.059891410436514,12.74503872071232,12.904621635923073,1678700
2023-10-10,13.301422119140625,13.327300141821363,13.042639424390718,13.12027431508044,1894100
2023-10-11,13.413559913635254,13.465315953592334,13.184968406323788,13.335925031052211,1698800
2023-10-12,13.499822616577148,13.508448898961852,13.310049339999054,13.45669284994876,2132500
2023-10-13,13.491196632385254,13.61196129048626,13.426500339662532,13.551578961435757,2044000
2023-10-16,13.741350173950195,13.870741086988264,13.555889261987561,13.58608042018662,1717500
2023-10-17,13.982879638671875,14.125210796746988,13.68096722973441,13.68096722973441,1784300
2023-10-18,13.913874626159668,14.017388371912899,13.775858217999724,13.862118575930637,2133700
2023-10-19,13.663718223571777,14.051892691120154,13.663718223571777,13.862117775743137,2337800
2023-10-20,13.387683868408203,13.80173553972926,13.387683868408203,13.749978669490355,2628400
2023-10-23,13.361804962158203,13.575731987108908,13.133214244799026,13.232414021111406,2167200
2023-10-24,13.448064804077148,13.586082013543521,13.366116777463693,13.465316543936716,1844900
2023-10-25,13.223788261413574,13.439440386776024,13.223788261413574,13.327301182869842,1804500
2023-10-26,13.318673133850098,13.47825604741639,13.2056718102758,13.28416883127461,1889900
2023-10-27,12.878745079040527,13.404935964242656,12.7795444770155,13.301423043677362,2222800
2023-10-30,13.303698539733887,13.373078908547475,13.07387555111435,13.08688468042161,1257600
2023-10-31,13.5985689163208,13.60724084427847,13.225648720519422,13.381755002869664,2666200
2023-11-01,13.719980239868164,13.737325744962938,13.355732903669965,13.641927121100093,2646000
2023-11-02,14.448474884033203,14.474493141624526,13.876086450291357,13.91077746041312,2234700
2023-11-03,14.621926307678223,14.765022585916068,14.526527686080746,14.647942910544174,2287300
2023-11-06,14.535202980041504,14.630601618320346,14.431131587904705,14.552548487757413,2300900
2023-11-07,14.45715045928955,14.569892955881187,14.38690330048331,14.465823213513328,2112200
2023-11-08,13.667945861816406,14.387767807106503,13.589892740289658,14.353076795690852,3892100
2023-11-09,13.529184341430664,13.780688370082991,13.433785719717557,13.780688370082991,3195300
2023-11-10,13.772019386291504,13.828390637846192,13.425116640999978,13.55520548063908,2316500
2023-11-13,13.824051856994629,13.923786864834886,13.58122055646549,13.702636620269695,1307600
2023-11-14,14.509182929992676,14.548209490463533,14.196972100384285,14.31838733111208,2156800
2023-11-15,14.526529312133789,14.673962810124774,14.396441320767288,14.526529312133789,2021500
2023-11-16,14.266351699829102,14.630599026544349,14.205642433577921,14.543873157486745,1523400
2023-11-17,14.301040649414062,14.439801374307963,14.249005791118428,14.396439268087988,2954000
2023-11-20,14.344406127929688,14.370422733114548,14.22298923848577,14.327060621700769,1203600
2023-11-21,14.058209419250488,14.29236877723411,14.053873870024907,14.29236877723411,2343200
2023-11-22,14.214316368103027,14.27502398524489,14.084228380776397,14.188299763132806,1278400
2023-11-24,14.231659889221191,14.275021994229283,14.136261273213462,14.214314385554644,630700
2023-11-27,14.413784980773926,14.457147087621252,14.118918022568753,14.240333245067937,2401700
2023-11-28,14.405111312866211,14.483164423556378,14.25334064023167,14.405111312866213,3407100
2023-11-29,14.335397720336914,14.561973961852692,14.326682993791824,14.46611529418498,3675700
2023-11-30,14.527117729187012,14.631692792844262,14.230823654683087,14.33539871834034,2743000
2023-12-01,14.71012020111084,14.814695251888113,14.38768364702867,14.413827825263999,1923100
2023-12-04,14.744976997375488,14.871338014201354,14.55325803755141,14.657831411214069,1840100
2023-12-05,14.483543395996094,14.718834342104893,14.379839323299766,14.710119616372866,1478200
2023-12-06,14.387683868408203,14.670904990577252,14.309252994659465,14.588117584804282,2042400
2023-12-07,14.736268043518066,14.744982771763427,14.291826875991477,14.370257768035255,1649700
2023-12-08,14.727553367614746,14.771127008996404,14.483547624535307,14.483547624535307,2195700
2023-12-11,14.840839385986328,14.9279833221835,14.74497906157259,14.74497906157259,1989600
2023-12-12,14.779836654663086,15.002058018870487,14.779836654663086,14.823410285960653,2267900
2023-12-13,14.95412826538086,14.99770023570855,14.570688610273521,14.762409268909252,3568200
2023-12-14,15.171993255615234,15.599004932112338,15.102277097455794,15.180707983155704,5849100
2023-12-15,14.936699867248535,15.372426249953936,14.771125038578736,15.180707239942686,7849800
2023-12-18,14.80597972869873,15.06741651048489,14.744978311597812,14.988985642165437,4196700
2023-12-19,14.779836654663086,15.18070575178032,14.71883523301057,14.997699824658692,7540400
2023-12-20,14.701407432556152,14.893126423641512,14.640404348781464,14.80598082327032,4174500
2023-12-21,14.753691673278809,14.901838670612765,14.636045381675627,14.823407809543976,2969800
2023-12-22,14.744976997375488,15.076128230192314,14.744976997375488,14.814693133871861,3918400
2023-12-26,14.80597972869873,14.910554773845984,14.701406345715428,14.797265003089462,2375000
2023-12-27,14.832124710083008,14.90184085657489,14.74323550134513,14.779836353591064,1771200
2023-12-28,14.805780410766602,14.97702136908313,14.761871399045996,14.82334234049731,1558500
2023-12-29,14.586241722106934,14.832125510586375,14.577459918952998,14.770654563466515,1996200
2024-01-02,14.797000885009766,14.867253639613914,14.4808626518122,14.568679013806834,2629300
2024-01-03,14.744306564331055,14.9726266804635,14.559892101353677,14.638926631921525,2946500
2024-01-04,14.805780410766602,14.924332229975938,14.717964062282922,14.814562213110722,3172800
2024-01-05,14.805780410766602,14.994584973771374,14.709182259938801,14.735527666971166,1959800
2024-01-08,14.911162376403809,14.911162376403809,14.638933136245859,14.638933136245859,2178700
2024-01-09,14.507208824157715,14.809295852303226,14.498427020001651,14.753092640695991,1379400
2024-01-10,14.454516410827637,14.577459980544496,14.401827266639094,14.507207229973874,1838600
2024-01-11,14.498424530029297,14.533550065663183,14.296448094001073,14.357919037578569,2068100
2024-01-12,14.454516410827637,14.691620072112622,14.375483532023669,14.674056465730542,1487200
2024-01-16,14.305231094360352,14.406219320829743,14.261322077444703,14.32279302616888,2098400
2024-01-17,14.191067695617676,14.226194905116142,14.00226313195727,14.085689417037356,3851700
2024-01-18,14.191067695617676,14.278884044406302,14.05495227124743,14.278884044406302,2038600
2024-01-19,14.489643096923828,14.498424899795669,14.138379356838414,14.29644845861626,2264300
2024-01-22,14.577463150024414,14.660887786041206,14.489646773978388,14.595026760225231,2488100
2024-01-23,14.36670207977295,14.709184037800943,14.322793062745172,14.682838627584276,2340500
2024-01-24,14.208630561828613,14.559894263767541,14.191066957992303,14.524768731052374,1916200
2024-01-25,14.41060733795166,14.450124610083273,14.230584581564866,14.42817094222293,1730200
2024-01-26,14.507208824157715,14.595025190760476,14.436956065867081,14.489645215845586,1301300
2024-01-29,14.66527271270752,14.687226377780021,14.4106055079861,14.472076440172021,1898800
2024-01-30,14.541740417480469,14.682922232561252,14.541740417480469,14.568212638940613,1470700
2024-01-31,14.171138763427734,14.559389624664417,14.162314688965523,14.541741475739997,2478300
2024-02-01,14.462326049804688,14.47115012399917,14.104959460028455,14.179962407661494,2059100
2024-02-02,14.321144104003906,14.444679458630677,14.162314135926666,14.277025416435807,1554400
2024-02-05,14.109370231628418,14.23290389323107,14.021132022127945,14.127018378434485,1616300
2024-02-06,14.109370231628418,14.254964918248612,14.038779327424056,14.065250706123203,1414900
2024-02-07,14.065248489379883,14.153488367993285,13.950538919258982,14.144664295980963,1568300
2024-02-08,14.171138763427734,14.179962837889944,13.994661481733813,14.012309630658235,986900
2024-02-09,14.224081039428711,14.232903429524399,14.02113156532078,14.232903429524399,1337600
2024-02-12,14.312317848205566,14.391732820138662,14.250551021817557,14.285847312907729,1243200
2024-02-13,13.80936050415039,13.968190482784147,13.654943404378773,13.879951418763154,1668500
2024-02-14,13.932893753051758,14.091723717180315,13.782887862821454,13.924069679153504,2686800
2024-02-15,14.26820182800293,14.26820182800293,14.012309560451344,14.06525232393923,2256700
2024-02-16,14.056427001953125,14.187902830107072,13.959363880800852,14.074074306656312,2240500
2024-02-20,14.038780212402344,14.193197299139822,13.81818341248022,13.906422469053073,2467000
2024-02-21,14.294672012329102,14.365262914584214,14.021131634958092,14.021131634958092,2175800
2024-02-22,14.35644245147705,14.38291299459155,13.9770156253132,14.277027456092975,3494900
2024-02-23,14.338791847229004,14.709394534601262,14.329967773360616,14.356439994965779,2837000
2024-02-26,14.100546836853027,14.382910467259997,13.994660475450413,14.338791781141406,2702800
2024-02-27,14.118194580078125,14.241728244087426,14.021132295283678,14.162313264932891,2706200
2024-02-28,14.242350578308105,14.42414888958076,14.002909250718728,14.020646083886184,2470600
2024-02-29,14.268954277038574,14.428582375239252,14.171403396698754,14.375371881520808,2854900
2024-03-01,14.490660667419434,14.570474722437085,14.286692167475412,14.348769389938598,1889900
2024-03-04,14.792181968688965,14.809918803538153,14.428585311668956,14.43745372909355,2642300
2024-03-05,14.59708023071289,14.809918866857798,14.588213504728056,14.676894296397812,1441300
2024-03-06,14.588210105895996,14.801047000975453,14.548303082351268,14.738969784678606,1103500
2024-03-07,14.641419410705566,14.747837016169193,14.530566751652504,14.721233460541956,1334300
2024-03-08,14.960677146911621,14.978412288659204,14.703498139580255,14.774443781003129,1619200
2024-03-11,14.88086223602295,15.06266053746717,14.854256987710105,14.907465792858375,2137400
2024-03-12,14.854256629943848,15.062660174681492,14.792179410186431,14.854256629943848,2091600
2024-03-13,14.623682022094727,14.934069793912025,14.55273639066311,14.801046946412404,2550800
2024-03-14,14.455185890197754,14.641419234736858,14.357636701608053,14.534999939074895,2570400
2024-03-15,14.348767280578613,14.517263782121095,14.24234799237357,14.331030450631571,3619800
2024-03-18,14.605945587158203,14.685759636116224,14.32837077551684,14.366505131761459,1382100
2024-03-19,14.641419410705566,14.668024657810143,14.517264973838888,14.561605360869175,1123300
2024-03-20,14.650290489196777,14.672460686741504,14.472925525883657,14.543871172913375,1167200
2024-03-21,14.845388412475586,14.898597217053501,14.668025166723401,14.703497139282879,1458500
2024-03-22,14.614814758300781,14.925202554574987,14.601512979945893,14.898597306387801,953600
2024-03-25,14.419713973999023,14.712364923832991,14.419713973999023,14.703496508204406,1053300
2024-03-26,14.410844802856445,14.539434285513392,14.410844802856445,14.48179043268834,1028800
2024-03-27,14.722772598266602,14.722772598266602,14.5177949430475,14.562354711626883,1418600
2024-03-28,14.597999572753906,14.78960960306072,14.464318591105084,14.749505138581481,1900200
2024-04-01,14.535614013671875,14.709399445281937,14.464317382758882,14.5801754703961,1313100
2024-04-02,14.48214340209961,14.48214340209961,14.294990364829294,14.357374710586067,2172600
2024-04-03,14.303899765014648,14.419757854488658,14.259340007429747,14.419757854488658,1661600
2024-04-04,14.250428199768066,14.508879562103541,14.125659514417617,14.473230394948642,1564500
2024-04-05,14.31281566619873,14.339552547400197,14.17913465988383,14.25043130990819,1558900
2024-04-08,14.446492195129395,14.544525695971817,14.28607605717683,14.303898939274431,1133500
2024-04-09,14.401933670043945,14.51333476693466,14.286077277209772,14.455405720594653,1082700
2024-04-10,14.036539077758789,14.245972846914984,13.983066173972649,14.1434840354081,1619900
2024-04-11,14.179130554199219,14.241514892425855,14.009801271902832,14.125658507125776,981900
2024-04-12,14.098922729492188,14.19695623995117,14.023169948647942,14.090011287569224,974300
2024-04-15,13.92068099975586,14.237060557664565,13.858296657318757,14.205867536523092,1160400
2024-04-16,13.6622314453125,13.956330294434844,13.644407710477529,13.867209920414032,2154600
2024-04-17,13.34139633178711,13.742440132558288,13.328027893456317,13.68896722915808,1610900
2024-04-18,13.305747032165527,13.434971860147185,13.243361841142715,13.40377968959723,1383500
2024-04-19,13.492899894714355,13.510723626583728,13.296833744614212,13.296833744614212,1778800
2024-04-22,13.742440223693848,13.76026395833014,13.45725367012938,13.5018134316816,1545500
2024-04-23,13.786999702453613,13.911768384425809,13.688966195277859,13.715703069920101,1318200
2024-04-24,13.608759880065918,13.787001484437608,13.577566855618237,13.742440870863932,1541100
2024-04-25,13.368133544921875,13.582023477659096,13.345853662316223,13.466166218279009,1814000
2024-04-26,13.368133544921875,13.501814540401877,13.283468461158918,13.394869574033269,2319100
2024-04-29,13.51148796081543,13.520448038589032,13.368130134357978,13.448769125360306,1772600
2024-04-30,13.224773406982422,13.45773032157634,13.197893171427657,13.430850086021575,2024600
2024-05-01,13.305415153503418,13.565251502852576,13.251655525767598,13.269575686506304,2019800
2024-05-02,13.144133567810059,13.430849226198152,13.105605916232141,13.430849226198152,1863600
2024-05-03,13.153094291687012,13.430849885770698,13.112774793436138,13.350210889268949,1949000
2024-05-06,13.260614395141602,13.305413938416853,13.144135924418036,13.242694236039416,1604700
2024-05-07,13.314371109008789,13.547328014509421,13.287491728983357,13.484609176290052,2255800
2024-05-08,13.179972648620605,13.314370396030915,13.085893541849357,13.260611638858807,1817600
2024-05-09,13.305415153503418,13.318854419577152,13.171016511404016,13.215816058770484,2854100
2024-05-10,13.296451568603516,13.372610522709294,13.153093738399717,13.332291026154467,3098500
2024-05-13,13.341249465942383,13.49356735545028,13.242690328919648,13.412928372242574,2142300
2024-05-14,13.251652717590332,13.511489011877197,13.2068531797174,13.475649552474874,4115300
2024-05-15,13.135173797607422,13.43980961902207,13.126213719452855,13.430849540867502,3207900
2024-05-16,13.188935279846191,13.220294703348157,13.08141689020508,13.14413573720901,2636000
2024-05-17,13.090374946594238,13.359171323942155,13.036616183812733,13.251652943899014,2484400
2024-05-20,13.251652717590332,13.372611213503212,13.090374723039824,13.090374723039824,2774000
2024-05-21,13.144133567810059,13.287491397004105,13.099334032566903,13.24269186176095,2178900
2024-05-22,13.045576095581055,13.242692695898924,13.027655938563003,13.135174317230963,1422700
2024-05-23,12.84846019744873,13.054536901243017,12.830540038259546,13.027657516939462,1897800
2024-05-24,12.96493911743164,13.126216283314712,12.929099652293154,12.947018957622273,2344100
2024-05-28,12.857416152954102,13.063492790648139,12.80365654711047,13.063492790648139,2193700
2024-05-29,12.696141242980957,12.767820165022673,12.61550224206399,12.749900007272167,3010200
2024-05-30,12.73198127746582,12.848459744649977,12.660302352195599,12.794700123457217,1910000
2024-05-31,13.011308670043945,13.038341094254555,12.731980494411266,12.77703367544433,4154200
2024-06-03,13.155479431152344,13.155479431152344,12.921203569934486,13.002299126457435,3926100
2024-06-04,13.020319938659668,13.209542618237224,12.984277564421943,13.092404687135119,1849500
2024-06-05,12.894171714782715,13.065372773018922,12.817581564154368,13.047351156721446,1754300
2024-06-06,12.97526741027832,13.024825999598304,12.822087097214757,12.885161899799654,1685000
2024-06-07,12.822087287902832,12.961752249096586,12.804066529266308,12.849119714834679,2592800
2024-06-10,12.885162353515625,12.943730894423188,12.578801716600841,12.668908089570387,2243200
2024-06-11,12.903183937072754,12.997795720668572,12.840109987554284,12.840109987554284,3809600
2024-06-12,13.236574172973633,13.434807660773695,13.150974071304637,13.17350023294006,4442100
2024-06-13,13.21855354309082,13.28162748373307,13.078889449103844,13.254595917646105,2407300
2024-06-14,13.011308670043945,13.165390394499791,12.966256348328836,13.123941192967628,1710200
2024-06-17,13.173500061035156,13.182510869298934,12.988782788217568,13.01130894955904,1622100
2024-06-18,13.056363105773926,13.299649791141185,13.029331538283577,13.218554229352097,1740400
2024-06-20,13.10141658782959,13.146469774212466,12.930215510756327,13.002300265241706,1773100
2024-06-21,13.146467208862305,13.236572704727166,13.042845501924662,13.128445594098599,4969600
2024-06-24,13.10141658782959,13.299650092323413,13.10141658782959,13.191522960595343,1490500
2024-06-25,12.939224243164062,13.128446920714282,12.93471883901787,13.101415355155101,1296100
2024-06-26,12.858128547668457,12.939223238046573,12.777032997972432,12.876149303535403,2072100
2024-06-27,12.930215835571289,12.930215835571289,12.768024704245816,12.840109460542008,1473600
2024-06-28,13.174864768981934,13.192987418709956,12.921153721738138,12.984581267515212,5455600
2024-07-01,12.939273834228516,13.192985712801807,12.9075600654407,13.183924389109464,1634200
2024-07-02,12.939273834228516,12.980048926708672,12.88490762034523,12.939273834228516,1160500
2024-07-03,12.875846862792969,13.011763267612698,12.866785538702207,12.9936414835666,659600
2024-07-05,12.866786003112793,12.884908651948432,12.76258336471424,12.866786003112793,1456800
2024-07-08,12.803359985351562,12.975520849117371,12.776176872996027,12.957399062258869,1344900
2024-07-09,12.658379554748535,12.835071043865454,12.640256907590194,12.767112845292438,2995500
2024-07-10,12.830541610717773,12.857724719922937,12.685563876109622,12.73993095865541,2023500
2024-07-11,12.939273834228516,13.097843542302975,12.939273834228516,12.984579588554844,2117500
2024-07-12,13.183926582336426,13.211109693800145,12.975520423419821,13.075193272346015,2235600
2024-07-15,13.356085777282715,13.464819073733075,13.20204672461085,13.256413804903744,2011900
2024-07-16,13.646040916442871,13.664162698880302,13.360615281869018,13.473879230542849,2338300
2024-07-17,13.863509178161621,13.94505936939585,13.60073681981547,13.60073681981547,3398400
2024-07-18,13.464818954467773,13.999424972048306,13.424043860643128,13.791019705064935,1662900
2024-07-19,13.528247833251953,13.569022928508227,13.319841694815949,13.428574994120863,1972800
2024-07-22,13.6097993850708,13.646043821797752,13.374210114277854,13.573554084208316,1741500
2024-07-23,13.800078392028809,13.8453841420286,13.51918429747365,13.555428724646422,1651500
2024-07-24,13.419515609741211,13.917876388806658,13.392331634634155,13.84538751679221,2519900
2024-07-25,13.265474319458008,13.501062681989442,13.215637904242044,13.383268932791411,2322400
2024-07-26,13.582613945007324,13.636981026303902,13.337964239511326,13.43763621373037,1712300
2024-07-29,13.5916748046875,13.67322499177729,13.514655279562188,13.636980560196875,1464700
2024-07-30,13.78195858001709,13.836325660613214,13.618858202364146,13.627919526486071,2756100
2024-07-31,13.472251892089844,13.873048727426344,13.472251892089844,13.873048727426344,3616100
2024-08-01,13.308289527893066,13.590669776693542,13.185318310731109,13.517797622558826,2435900
2024-08-02,13.189870834350586,13.29917992409782,12.90749148049971,13.107890320096942,2881000
2024-08-05,12.716202735900879,13.0623458936152,12.684321277863502,12.725311972112866,4699100
2024-08-06,12.7799654006958,13.007691089290473,12.49758603331296,12.761747797334598,3089400
2024-08-07,12.752639770507812,12.89382946758685,12.611450073428777,12.871057244049943,2338300
2024-08-08,12.7799654006958,12.852837551549731,12.734420089235954,12.816401476122765,1347800
2024-08-09,12.798182487487793,12.830063941447472,12.652438201555276,12.743527945910865,2472900
2024-08-12,12.479366302490234,12.866500107793044,12.46114870096659,12.843727888712369,2427900
2024-08-13,12.606894493103027,12.643330569204874,12.388278036491947,12.561349180799574,2026700
2024-08-14,12.679766654968262,12.770857279644575,12.61600373891759,12.61600373891759,1984000
2024-08-15,13.016800880432129,13.089673034393734,12.779965945704616,12.889274176647023,2870200
2024-08-16,12.989473342895508,13.08967233204018,12.939373413970896,12.971254871030357,2159700
2024-08-19,13.09878158569336,13.130663042795952,12.971254888578438,12.980364124523337,1395500
2024-08-20,12.834617614746094,13.071452496315057,12.834617614746094,13.071452496315057,1897500
2024-08-21,12.998583793640137,13.016801398503302,12.811847914388728,12.934820004857473,1454300
2024-08-22,12.998583793640137,13.071455950502067,12.861947847995543,12.971256083288438,2066900
2024-08-23,13.20809268951416,13.317400938562121,13.025912274434225,13.089675202536016,1538900
2024-08-26,13.135217666625977,13.362943353122676,13.126108430677016,13.299180438889058,1657200
2024-08-27,13.025909423828125,13.208089799039483,13.007690951954713,13.080563102039257,1196200
2024-08-28,12.989473342895508,13.107890803905331,12.962145635097782,12.971254871030357,1537600
2024-08-29,13.05323600769043,13.20353492288892,13.016799933360629,13.09422669989952,1985000
2024-08-30,13.227279663085938,13.236440038983359,13.030336822780551,13.126518148958889,2386800
2024-09-03,13.062397003173828,13.190638768842671,13.016595998185737,13.13567826172217,2504200
2024-09-04,12.897514343261719,13.227280022290355,12.892934155188627,13.062397619566813,2222300
2024-09-05,12.760109901428223,12.97262517360882,12.737208965179812,12.906672399092468,2392700
2024-09-06,12.787592887878418,12.934155416906915,12.686831367566723,12.750952255621295,3162100
2024-09-09,12.888352394104004,13.007434648725853,12.645608570927665,12.778430514510323,3652400
2024-09-10,12.842552185058594,12.934153314017717,12.723469931188442,12.888352312747436,2835000
2024-09-11,12.860873222351074,12.87919397394555,12.641029444706462,12.74179095773153,1735400
2024-09-12,12.979954719543457,12.984534907171277,12.783011019454527,12.924993341591083,1269000
2024-09-13,13.080718040466309,13.09903879351806,12.961635766374684,13.062398160996144,1518900
2024-09-16,13.135679244995117,13.222701073628368,13.062397980961297,13.135679244995117,1762500
2024-09-17,13.172318458557129,13.355521598913535,13.13109764277925,13.2181194620416,2066000
2024-09-18,13.245600700378418,13.456284109071039,13.121938243842378,13.19979969348564,1892900
2024-09-19,13.905133247375488,13.923453126404022,13.41048428346316,13.474605170435376,2414100
2024-09-20,14.060855865478516,14.147876817869466,13.749410066066666,13.813530951740324,5585400
2024-09-23,13.923453330993652,14.111236680098608,13.877652322376974,14.060856356843685,1546600
2024-09-24,13.969253540039062,14.028794236325652,13.868492025715017,13.92345253404394,1780100
2024-09-25,13.721927642822266,14.010473348287869,13.689867203010857,13.97841290847646,1325400
2024-09-26,13.822689056396484,13.914290181794515,13.726506870109935,13.822689056396484,1570700
2024-09-27,13.868490219116211,14.02879240884485,13.76314765697557,13.960091345592373,1523100
2024-09-30,13.675106048583984,13.845468826409252,13.536973140870009,13.813238078075933,1799900
2024-10-01,13.62906265258789,13.721150385633988,13.481721577136467,13.665897921450746,1296400
2024-10-02,13.62906265258789,13.771799209653697,13.546183078090944,13.56460027341133,1521100
2024-10-03,13.518555641174316,13.555390906754274,13.320565759348796,13.555390906754274,1136100
2024-10-04,13.997415542602539,14.006624579506267,13.675107154970899,13.70273338745999,1508000
2024-10-07,13.905326843261719,14.020437161903878,13.868491576425109,13.923744037569005,2376400
2024-10-08,13.969788551330566,14.025041013307654,13.587622322804524,13.951370478523504,2362000
2024-10-09,13.905326843261719,14.038854356211164,13.859282540160446,13.969788340670275,1874400
2024-10-10,13.868490219116211,13.942160745579297,13.771797104244692,13.813236885157922,2792100
2024-10-11,13.988204956054688,14.052667329017408,13.808633147435819,13.868491002456773,2777100
2024-10-14,13.804027557373047,13.951368607177978,13.785610365258396,13.951368607177978,1416300
2024-10-15,13.822449684143066,14.015835088319765,13.767196335140214,13.785614410881895,1650200
2024-10-16,14.03425121307373,14.066481964935793,13.840865823679238,13.859283898013057,1368200
2024-10-17,14.025040626525879,14.043458698825008,13.905326669469638,14.025040626525879,1321600
2024-10-18,13.813237190246582,14.061875881217567,13.776401926201471,14.052666845650796,1131200
2024-10-21,13.804027557373047,13.83165466287792,13.684312734851057,13.794818522204755,1528100
2024-10-22,13.711941719055176,13.827052039764505,13.68891912798008,13.79482041225937,1722300
2024-10-23,13.527767181396484,13.656691082273571,13.444888471785028,13.62906484573642,1445900
2024-10-24,13.74877643585205,13.753380953882637,13.51855580365478,13.573808263577796,1105900
2024-10-25,13.711941719055176,13.886909020115652,13.68891912798008,13.822447521549485,1068900
2024-10-28,13.905326843261719,13.965183822537945,13.804029200794515,13.813238237059176,1290400
2024-10-29,13.978998184204102,14.00662441637143,13.785612802588636,13.850074303719762,1633400
2024-10-30,14.043457984924316,14.163172814116866,13.93295219141319,13.942161227094612,1960300
2024-10-31,13.673164367675781,14.061973904566432,13.65927796595155,14.061973904566432,1931600
2024-11-01,13.58984661102295,13.8397956416325,13.580589010630982,13.700935167166456,1232200
2024-11-04,13.636134147644043,13.747223597234619,13.5389319828191,13.589847906976994,1727000
2024-11-05,13.66390609741211,13.830538495675793,13.302867615942905,13.506530416991179,2121600
2024-11-06,14.571130752563477,14.65444739869934,14.163806006053479,14.247122652189342,4418000
2024-11-07,14.450785636901855,14.70999319551117,14.441528917765002,14.53410228910817,1834200
2024-11-08,14.747021675109863,14.7886799982596,14.395240770097343,14.487814134877404,2359800
2024-11-11,14.802565574645996,15.034000311771244,14.682219405398452,14.793307973276157,2364700
2024-11-12,14.71924877166748,14.876624461869184,14.635933008784328,14.72850637293898,1995000
2024-11-13,14.709991455078125,14.83866822296425,14.645189131666214,14.747020975804897,1468700
2024-11-14,14.432268142700195,14.853479229266084,14.432268142700195,14.756276195445244,1824300
2024-11-15,14.348952293395996,14.663703646249608,14.311922774404593,14.580387007805609,1153600
2024-11-18,14.367466926574707,14.436897161583317,14.256377491136927,14.42301076144026,1265400
2024-11-19,14.293408393859863,14.339695515969133,14.173063112370551,14.247122154604014,1226300
2024-11-20,14.228607177734375,14.423012387386322,14.159176934898701,14.237864778873382,1477300
2024-11-21,14.571130752563477,14.612789075631408,14.270265772625546,14.311924095693477,1060600
2024-11-22,14.913653373718262,14.96919721007901,14.598902024829489,14.626673943009862,1923300
2024-11-25,15.108060836791992,15.274694146356287,14.969200334057446,14.969200334057446,1955500
2024-11-26,14.969198226928711,15.071030071929732,14.87662398290113,15.006226865115638,1602200
2024-11-27,14.996969223022461,15.112686572688663,14.941423623873911,15.061770656322473,2012800
2024-11-29,14.987667083740234,15.145823784619994,14.96905999552624,15.006272397484631,1021900
2024-12-02,14.987667083740234,15.08069897587101,14.829509495625677,15.04348657391262,1740900
2024-12-03,15.090003967285156,15.285374863331247,15.048138902023119,15.099307512284472,2011600
2024-12-04,14.969060897827148,15.164430012441702,14.852769251184283,15.06209457003538,2162300
2024-12-05,14.857420921325684,15.052790921831294,14.83881383211808,14.978364339470572,2177500
2024-12-06,14.93184757232666,15.001623274087082,14.876028075600209,14.959758207924791,1133900
2024-12-09,15.043485641479492,15.164428158434939,14.99696969829728,15.099305128192045,1132600
2024-12-10,15.127215385437012,15.229552587275542,14.922542756229397,15.080697668933388,2216300
2024-12-11,15.108610153198242,15.290024833654787,15.052790661012304,15.17373318982678,2385700
2024-12-12,14.978363990783691,15.141171581385937,14.96906044639647,15.052790571411812,1414500
2024-12-13,14.93184757232666,14.950454662725415,14.782995285311154,14.922545801597092,1532100
2024-12-16,15.062092781066895,15.15047378320911,14.838812171733792,14.848115715296577,1184500
2024-12-17,14.903938293457031,15.117914503635749,14.810904618540706,14.959757788618925,1336500
2024-12-18,14.187579154968262,14.969059066773253,14.117804352964548,14.913239580064179,1651100
2024-12-19,14.271310806274414,14.47598434975556,14.19223245224089,14.299220552628938,1688900
2024-12-20,14.522500038146973,14.66205054189291,14.103850301378808,14.103850301378808,5723300
2024-12-23,14.522500038146973,14.61553370731093,14.406208395309436,14.513197381018436,865600
2024-12-24,14.615534782409668,14.615534782409668,14.438771862677497,14.503894903541735,422800
2024-12-26,14.662050247192383,14.69926353666303,14.485286456780699,14.51319708930979,1570600
2024-12-27,14.364341735839844,14.70856574113377,14.345735536416637,14.513195767399116,1217000
2024-12-30,14.355040550231934,14.401556497172262,14.127109038732021,14.308523716056788,1188100
2024-12-31,14.401952743530273,14.552070670835537,14.345658073404085,14.477011707182905,1210500
2025-01-02,14.204920768737793,14.467627105060808,14.106405333383348,14.430097628443235,1154600
2025-01-03,14.223686218261719,14.256524401130294,14.045421413500867,14.167392446136555,1309600
2025-01-06,13.914068222045898,14.233069256634689,13.857774448161642,14.17677458797703,3111600
2025-01-07,13.717039108276367,13.98912808565494,13.609141955730639,13.951598602388014,3178300
2025-01-08,13.651361465454102,13.745184717500724,13.557537318634102,13.63259627818075,2031100
2025-01-10,13.679509162902832,13.796788905996836,13.351125524330246,13.435567082521679,1430100
2025-01-13,13.707656860351562,13.745186344567387,13.59037711033043,13.623216191946073,981000
2025-01-14,13.923452377319336,13.923452377319336,13.717039762125461,13.717039762125461,1186400
2025-01-15,14.223686218261719,14.355039844509392,14.186156738587151,14.24245140548569,2153000
2025-01-16,14.158010482788086,14.303437111154231,14.139245294728756,14.25183373876449,1743100
2025-01-17,14.11109733581543,14.331582910128374,14.10171474249828,14.270597843113594,1578800
2025-01-21,14.326892852783203,14.355039738638197,14.176774040418714,14.214303519816493,1383300
2025-01-22,14.242451667785645,14.31000437453462,14.139244925699817,14.214303886431296,1554500
2025-01-23,14.317510604858398,14.326893198627676,14.176774382639389,14.176774382639389,1362100
2025-01-24,14.223686218261719,14.420716210246542,14.195539332199138,14.303436474416847,1204800
2025-01-27,14.627128601074219,14.814775996948416,14.401951726025182,14.448862903913708,2436200
2025-01-28,14.730334281921387,15.025878815302383,14.608363252261075,14.608363252261075,2204800
2025-01-29,14.439480781555176,14.789442739575554,14.39726000687554,14.702187128071422,1829500
2025-01-30,14.56145191192627,14.711569825282483,14.462936472052915,14.589598796987223,1412300
2025-01-31,14.561450958251953,14.70291637504134,14.476572787469681,14.608606097181749,1413800
2025-02-03,14.467143058776855,14.589746072764235,14.203075512947649,14.363401562643928,1769100
2025-02-04,14.514296531677246,14.594459997001945,14.358685204801004,14.45771018580886,918100
2025-02-05,14.561450958251953,14.608606097181749,14.471857183635755,14.552020649993567,1524100
2025-02-06,14.948123931884766,14.948123931884766,14.599176407175031,14.599176407175031,1607400
2025-02-07,14.778365135192871,14.957553594718515,14.707632872206682,14.910399352334071,1831500
2025-02-10,14.44827938079834,14.759502043221632,14.363400309335718,14.759502043221632,2071500
2025-02-11,14.429418563842773,14.49543522288645,14.226652083169173,14.344539488266891,1299300
2025-02-12,14.372831344604492,14.41055527597841,14.179496083886983,14.23136682680467,1241800
2025-02-13,14.438849449157715,14.528443227453197,14.325676751314838,14.410555824992244,1359900
2025-02-14,14.36340045928955,14.570882536207685,14.349254546837752,14.476573155360889,1459000
2025-02-18,14.504864692687988,14.509580296255855,14.297382632748867,14.335106561882398,3149900
2025-02-19,14.486002922058105,14.556736079309525,14.344538406374179,14.382262337183857,1529200
2025-02-20,14.401124954223633,14.429417677875243,14.127625327756682,14.391693746536607,3064700
2025-02-21,13.920145988464355,14.5520225961655,13.868275238763495,14.5520225961655,2762300
2025-02-24,13.788111686706543,14.061610448298174,13.722095023380502,14.052179239420287,3822300
2025-02-25,13.571198463439941,13.821119187818393,13.420301828690322,13.806973274761216,2952300
2025-02-26,13.646645545959473,13.83526520428248,13.524042543197147,13.580627990989312,2914800
2025-02-27,13.731525421142578,13.89185146554834,13.676825132409627,13.712663004501001,1657100
2025-02-28,14.044466972351074,14.158264027156562,13.788422920754774,13.788422920754774,3529500
2025-03-03,13.816872596740723,14.186713720230236,13.788423557819574,14.011276020729422,2490200
2025-03-04,13.75049114227295,13.883254830602239,13.584536757955997,13.75049114227295,4179700
2025-03-05,13.797905921936035,13.921186287941728,13.684108869710451,13.741006943633954,3346800
2025-03-06,13.617727279663086,13.826355671688033,13.608244869772708,13.693591985057862,3141200
2025-03-07,13.911704063415527,13.921187377938159,13.598761919197889,13.617727643864502,2781900
2025-03-10,13.447032928466797,13.949636857095829,13.371168218650288,13.8453231071928,3952300
2025-03-11,12.991842269897461,13.579794155494614,12.972876546815527,13.541861804952172,5921200
2025-03-12,12.934943199157715,13.127450112024949,12.76424718268587,13.08667258963113,3182000
2025-03-13,12.470271110534668,13.086672904643605,12.42759710538949,12.98235826789827,3461100
2025-03-14,12.830629348754883,12.849595975911996,12.536653862848112,12.584069526362335,2128600
2025-03-17,13.058225631713867,13.119865367254567,12.840113919937275,12.840113919937275,2210500
2025-03-18,12.745282173156738,12.98235960193433,12.712091477828455,12.98235960193433,2430600
2025-03-19,12.897011756896973,13.001325494075543,12.768989735556069,12.783213801674902,1780700
2025-03-20,12.811663627624512,12.982358750167688,12.76424796410419,12.792697000464958,1772700
2025-03-21,12.640968322753906,12.669417360739683,12.337509505895996,12.669417360739683,4400400
2025-03-24,12.688385009765625,12.849597745285639,12.569846286846715,12.735800679808927,2145200
2025-03-25,12.53665542602539,12.792698593922145,12.446565744553073,12.792698593922145,2062000
2025-03-26,12.50820541381836,12.754766169993855,12.460790649028098,12.584071027115847,2041000
2025-03-27,12.31854248046875,12.484496854729064,12.261644406331751,12.479755197821218,1869800
2025-03-28,12.204745292663574,12.35647469452013,12.100431554981833,12.35647469452013,1975100
2025-03-31,12.319254875183105,12.347881858996248,12.071151922041448,12.13794943098599,2636000
2025-04-01,12.328797340393066,12.452848815292882,12.195203234338944,12.281085094656923,2256800
2025-04-02,12.309712409973145,12.462391782452352,12.16657657894095,12.16657657894095,4535900
2025-04-03,11.16462230682373,12.118863545185336,11.054884782820631,12.118863545185336,6584400
2025-04-04,10.983315467834473,11.13790224475552,10.59684716047899,10.945145859581057,4306600
2025-04-07,10.582534790039062,11.135994599451873,10.200837773524341,10.649331381164137,6320500
2025-04-08,10.172211647033691,11.002401430849732,10.043388859018606,10.954689186025398,4662300
2025-04-09,11.632200241088867,11.703769061661273,9.96227808172605,10.000447694681501,7283200
2025-04-10,10.782926559448242,11.431810005815324,10.53005229466542,11.269589826750098,4917200
2025-04-11,10.945147514343262,11.038662750190067,10.525280850042133,10.706587199183424,2632800
2025-04-14,10.973773956298828,11.159850701737804,10.682730094942203,11.13599503541216,2028300
2025-04-15,10.973773956298828,11.126452404867766,10.920336681306766,10.935604344156593,2006800
2025-04-16,10.99285888671875,11.164621681174454,10.897434404215895,10.897434404215895,2722500
2025-04-17,11.336385726928711,11.365012708527212,11.002400938149966,11.002400938149966,2900800
2025-04-21,11.269588470458984,11.283901505398862,11.011942921117768,11.155078730728254,2643700
2025-04-22,11.288673400878906,11.441351848323894,11.126452322959773,11.345928273688441,2192000
2025-04-23,11.240961074829102,11.849767426022677,11.22187672405827,11.737166935365265,2187800
2025-04-24,11.374556541442871,11.446124458022027,11.174165828999977,11.221878076731224,2292700
2025-04-25,11.345929145812988,11.355470866985243,11.221877670219671,11.288674268602456,1890200
2025-04-28,11.39363956451416,11.536776290999297,11.207562821122341,11.345928232387775,2415800
2025-04-29,11.307757377624512,11.393638312032468,11.22664684787653,11.307757377624512,2189100
2025-04-30,11.307759284973145,11.336580843669681,11.077184066738353,11.173257150687919,2541600
2025-05-01,11.259722709655762,11.567155111430665,11.230900234823743,11.43265297754373,3588200
2025-05-02,11.278937339782715,11.490297584666013,11.110809893085111,11.355795444063755,4738000
2025-05-05,11.038755416870117,11.274133473242756,11.02914792488245,11.173257556034853,3765800
2025-05-06,10.865823745727539,11.038753998176324,10.817787208183697,10.933074348556469,4094500
2025-05-07,10.913859367370605,11.067576470759555,10.846608764539704,10.885037811331754,3068600
2025-05-08,11.15404224395752,11.235704091008829,10.976308228518151,11.077184142758739,2134300
2025-05-09,11.278937339782715,11.31256264587806,11.110809893085111,11.250115779732544,1842100
2025-05-12,11.740086555480957,11.989874929343307,11.56715536754323,11.788123098377088,4232600
2025-05-13,11.807336807250977,12.009089548311442,11.677638420236216,11.816944298782623,4286600
2025-05-14,11.663228034973145,11.855373283444528,11.644013052015598,11.768907692577201,2288300
2025-05-15,11.538333892822266,11.600780757690119,11.466279536060634,11.576762944176526,1679000
2025-05-16,11.720871925354004,11.730479417467176,11.495101358019701,11.576763208539917,2240900
2025-05-19,11.576762199401855,11.5911725200946,11.447063815842366,11.528725659244177,1375800
2025-05-20,11.336580276489258,11.528725518554339,11.31256154859313,11.509510536237439,2468000
2025-05-21,11.134827613830566,11.269328826018107,11.053165770907793,11.250114759800226,3610900
2025-05-22,11.12522029876709,11.158845602346394,10.952289118964027,11.12522029876709,3090000
2025-05-23,11.019540786743164,11.03875485351706,10.904253637437339,10.913860212713876,2427200
2025-05-27,11.317364692687988,11.336579673983671,11.005128576399056,11.144434442130537,2580600
2025-05-28,11.326972961425781,11.365402010436236,11.235703626443152,11.326972961425781,2676700
2025-05-29,11.394224166870117,11.442260709712556,11.23090047093833,11.355795115840335,2834200
2025-05-30,11.21044635772705,11.379715574724182,11.157247223756888,11.31684370322435,6141000
2025-06-02,11.268481254577637,11.336189496744389,10.921238638472026,11.278153992379037,3427100
2025-06-03,11.239462852478027,11.365205664136091,11.16208280260275,11.239462852478027,2488400
2025-06-04,11.142738342285156,11.312006626241782,11.075030106259542,11.258808418045257,2704700
2025-06-05,11.19110107421875,11.282990237437376,11.055686436257655,11.123393755238203,2646600
2025-06-06,11.384551048278809,11.394222862604925,11.27331642032045,11.35553283797161,2807500
2025-06-09,11.345861434936523,11.49094973619915,11.287826852385919,11.384552386561003,3981300
2025-06-10,11.481276512145996,11.597346594775555,11.394223719563072,11.471603774649445,2361600
2025-06-11,11.268481254577637,11.611856066982956,11.249136701417886,11.568329669319702,3469100
2025-06-12,11.220118522644043,11.365205888412545,11.123392997169725,11.171755759906883,4019500
2025-06-13,11.036340713500977,11.210446298340633,10.987977948551848,11.162083533391504,5280200
2025-06-16,11.19110107421875,11.268481130894529,11.108884648695355,11.181429258966556,3104200
2025-06-17,11.142738342285156,11.239462944197092,11.026667344082092,11.094375580107707,3724100
2025-06-18,11.200772285461426,11.384550586853187,11.104046766577033,11.104046766577033,3195400
2025-06-20,11.229790687561035,11.42324174454456,11.142738818850054,11.307170741377243,6321500
2025-06-23,11.345861434936523,11.384552386561003,11.075031230666566,11.14273947356635,3326600
2025-06-24,11.394222259521484,11.529637799792166,11.35553223693599,11.442585018364078,2817800
2025-06-25,11.181428909301758,11.403896334676878,11.147574328427144,11.403896334676878,2507200
2025-06-26,11.442585945129395,11.442585945129395,11.191100316733744,11.210445790814783,2133100
2025-06-27,11.452259063720703,11.55865640738229,11.331352614014941,11.452259063720703,3747900
2025-06-30,11.364614486694336,11.530165927753353,11.233147001961912,11.491212702134654,3043700
2025-07-01,11.598333358764648,11.783361869308449,11.306183714397358,11.384090162399554,6189500
2025-07-02,11.783361434936523,11.79309904403925,11.539903561724762,11.598332931213458,2543300
2025-07-03,11.802839279174805,11.871007196287241,11.715194283619834,11.83205396812039,2429500
2025-07-07,11.549642562866211,11.822316082404807,11.471736108346096,11.73467108889013,3014300
2025-07-08,11.75414752960205,11.836923255671849,11.569119927708616,11.588596077462453,2943300
2025-07-09,11.929437637329102,11.944045446325617,11.690848996028706,11.783363262236852,4867200
2025-07-10,12.202109336853027,12.318969014044303,11.929436756740055,11.9391752953522,2874200
2025-07-11,12.182632446289062,12.221585669646803,12.026819552858102,12.133940684912362,1890700
2025-07-14,12.231324195861816,12.241061805153278,11.944043825606435,12.153416820503418,3061200
2025-07-15,12.056035041809082,12.280015858866323,12.017081815854858,12.231325022962167,3294600
2025-07-16,11.978128433227539,12.231324862977278,11.948913746323539,12.124202796465692,2712800
2025-07-17,11.94891357421875,12.148548967837272,11.90022181093464,11.958651183901061,2635800
2025-07-18,12.017081260681152,12.031688139290315,11.885613780889967,11.997604184244775,2878300
2025-07-21,12.017081260681152,12.153417080863312,12.007342722462964,12.10472624720861,1695100
2025-07-22,12.328707695007324,12.348184772456504,12.017081885565803,12.017081885565803,1798100
2025-07-23,12.289754867553711,12.508867352374983,12.265409448670548,12.445567777329638,4372500
2025-07-24,12.114462852478027,12.377397790264357,12.075509631552427,12.289752811002247,5072300
2025-07-25,12.24106216430664,12.28975392706497,12.094987804749783,12.182632791971148,2123700
2025-07-28,12.065773963928223,12.309231866058765,12.056035424950634,12.270278638866605,1980300
2025-07-29,11.919697761535645,12.143679497444431,11.871005999058244,12.143679497444431,2723400
2025-07-30,11.685979843139648,12.017082753956856,11.598334845721183,11.978129524961787,2889100
2025-07-31,11.519316673278809,11.695783100224055,11.438926765318644,11.646764544411354,3170000
2025-08-01,11.303635597229004,11.450691264778408,11.185991624160193,11.411476607088805,3954200
2025-08-04,11.411476135253906,11.529120103458443,11.30363512985305,11.372261479185727,3475400
2025-08-05,11.480100631713867,11.519315284646536,11.342848878973989,11.450689875752134,3411900
2025-08-06,11.352653503417969,11.509512125200075,11.318340796772025,11.38206426126433,6752700
2025-08-07,11.529119491577148,11.784015209967889,11.328144273025131,11.607548799551054,3863700
2025-08-08,11.48990535736084,11.64186203156548,11.470297562004813,11.568334668882663,2946800
2025-08-11,11.538923263549805,11.607548673544226,11.396769560045827,11.509511572165547,2719400
2025-08-12,11.970285415649414,12.009500072365213,11.597745709373742,11.666371124888599,4125400
2025-08-13,12.284002304077148,12.342824754877181,11.945776250568153,11.99969581760445,3350500
2025-08-14,12.078125953674316,12.176163066720207,11.98499172472704,12.14675230678692,2669300
2025-08-15,11.921266555786133,12.102634922797447,11.891855797740105,12.087929076298863,2014300
2025-08-18,11.98989200592041,12.107536908363732,11.931070489649894,11.960481247785152,1928400
2025-08-19,12.15655517578125,12.234984491628778,11.981069511451064,11.989892645867453,2061000
2025-08-20,12.087929725646973,12.26047403305731,12.063420915117224,12.176162939475974,2248500
2025-08-21,12.078125953674316,12.141850357639505,11.98499172472704,12.058519092035858,2199100
2025-08-22,12.617327690124512,12.64673844885641,12.19576943017891,12.254591882593873,3357800
2025-08-25,12.460469245910645,12.656542531910379,12.431058486748478,12.583015166529377,2069000
2025-08-26,12.48007583618164,12.681052001789684,12.406548472396391,12.411450421308896,4087700
2025-08-27,12.911438941955566,12.945751651919224,12.509488451036345,12.509488451036345,3753100
2025-08-28,12.891829490661621,13.009474388229014,12.783989425334465,12.989866593650747,2132800
2025-08-29,12.881967544555664,12.93128519603897,12.788262313524351,12.891830510447983,3816100
2025-09-02,12.645237922668457,12.793193692498095,12.576192461152276,12.724147290308052,2185300
2025-09-03,12.704421043395996,12.793194321523881,12.586056986116786,12.625511671876522,2031900
2025-09-04,12.842512130737305,12.852375096070348,12.664965585308577,12.738942999012595,1905700
2025-09-05,12.862239837646484,13.054581313906777,12.773466559165145,12.862239837646484,2010700
2025-09-08,12.664966583251953,12.798126502815911,12.620579943397301,12.77346673585559,1928200
2025-09-09,12.447964668273926,12.640306136856161,12.408509983932086,12.615647311895215,2460800
2025-09-10,12.35919189453125,12.497283765664585,12.34932892855123,12.41837439378094,2385300
2025-09-11,12.507147789001465,12.507147789001465,12.300010450705972,12.33946513701588,2878500
2025-09-12,12.398646354675293,12.546602129768067,12.334532843940153,12.428238074098186,2384500
2025-09-15,12.32960033416748,12.477555161907949,12.314804475123891,12.418373607081303,1889600
2025-09-16,12.35919189453125,12.413442440453974,12.181646278130007,12.34932892855123,1839300
2025-09-17,12.280282974243164,12.576193600025615,12.201373599457703,12.418374850454693,2449300
2025-09-18,12.487420082092285,12.521942815323872,12.319737428675493,12.349329149165937,1501500
2025-09-19,12.32960033416748,12.497282973966065,12.290145650725098,12.497282973966065,6670500
2025-09-22,12.092872619628906,12.336505274147763,12.092872619628906,12.329600727841736,2243500
2025-09-23,12.161918640136719,12.300010513260654,12.122463953626156,12.211237233443404,2655400
2025-09-24,12.004098892211914,12.201372308299954,11.969576161980738,12.142190753810466,2294800
2025-09-25,11.836417198181152,11.984372036888846,11.811758371954511,11.944917350521866,2562600
2025-09-26,11.866007804870605,11.94491717645466,11.81175819982776,11.866007804870605,2189400
2025-09-29,11.846281051635742,11.925190424014628,11.767371679256856,11.905462610582948,1822000
2025-09-30,11.925719261169434,11.945578417421462,11.727122963739928,11.80656148271173,3664200
2025-10-01,11.985298156738281,12.054807573857799,11.844295395456491,11.985298156738281,2615400
2025-10-02,11.985298156738281,12.13424609600992,11.82642111243404,11.995228208752767,2887600
2025-10-03,11.856209754943848,12.10445536155222,11.856209754943848,11.925719168741841,3186100
2025-10-06,11.637754440307617,11.886000049845856,11.637754440307617,11.846280790199012,3582700
2025-10-07,11.568244934082031,11.737052022989824,11.568244934082031,11.63775434814996,3172100
2025-10-08,11.498736381530762,11.662578443431517,11.468947173998398,11.58810495110969,2335500
2025-10-09,11.389509201049805,11.538456192822373,11.319999784171644,11.488806879904224,2456700
2025-10-10,11.230631828308105,11.47887743864489,11.230631828308105,11.409368023802932,3446800
2025-10-13,11.310070037841797,11.3845435295051,11.260420727738987,11.36964845237971,5314200
2025-10-14,11.528526306152344,11.558316462519528,10.848333834460473,11.16112290046077,3120600
2025-10-15,11.5086669921875,11.712228323015442,11.478877783207817,11.588105514121239,2790500
2025-10-16,11.429227828979492,11.578174812502624,11.354754337217926,11.538455553764333,3506600
2025-10-17,11.468947410583496,11.588105190152813,11.379578839161045,11.379578839161045,2429600
2025-10-20,11.588105201721191,11.617894409897795,11.389508902240738,11.548385941825101,2240600
2025-10-21,11.48880672454834,11.727123233936478,11.48880672454834,11.548386088640841,2369600
2025-10-22,11.657613754272461,11.791666612511396,11.488806661745327,11.488806661745327,2961800
2025-10-23,11.57817554473877,11.67747417135533,11.488806970180242,11.67747417135533,3642300
2025-10-24,11.588105201721191,11.727123084848435,11.558315993544586,11.667543721513372,3380500
2025-10-27,11.617894172668457,11.697332690838557,11.548385706015075,11.657613431753507,2712200
2025-10-28,11.43915843963623,11.61789463920551,11.419298335805271,11.61789463920551,3404100
2025-10-29,11.369648933410645,11.548386078550104,11.319999621207254,11.409368193776984,3083500
2025-10-30,11.319999694824219,11.486820968240474,11.290210486101204,11.319999694824219,2726100
2025-10-31,11.1899995803833,11.319999694824219,11.050000190734863,11.289999961853027,3954600
2025-11-03,11.40999984741211,11.40999984741211,11.0600004196167,11.079999923706055,4390500
2025-11-04,11.170000076293945,11.430000305175781,10.850000381469727,11.010000228881836,6120000
2025-11-05,11.350000381469727,11.416999816894531,11.03499984741211,11.100000381469727,3285900
2025-11-06,11.25,11.520000457763672,11.220000267028809,11.40999984741211,3252800
2025-11-07,11.670000076293945,11.704999923706055,11.229999542236328,11.270000457763672,2974700
